Added Component: Designator=C1(CAPC1608X90X35ML10T15)
Add component (AddParameter): Name = "ComponentLink1Description"; Value = "Manufacturer URL"; VariantName = "[No Variations]"
Add component (AddParameter): Name = "ComponentLink1URL"; Value = "http://www.murata.com/"; VariantName = "[No Variations]"
Add component (AddParameter): Name = "ComponentLink2Description"; Value = "Datasheet"; VariantName = "[No Variations]"
Add component (AddParameter): Name = "ComponentLink2URL"; Value = "http://psearch.en.murata.com/capacitor/product/GCM188R71H104KA57%23.pdf"; VariantName = "[No Variations]"
Add component (AddParameter): Name = "DatasheetVersion"; Value = "07/2016"; VariantName = "[No Variations]"
Add component (AddParameter): Name = "Height"; Value = "0.8 mm"; VariantName = "[No Variations]"
Add component (AddParameter): Name = "Length"; Value = "1.6 mm"; VariantName = "[No Variations]"
Add component (AddParameter): Name = "Manufacturer"; Value = "Murata"; VariantName = "[No Variations]"
Add component (AddParameter): Name = "Max Operating Temperature"; Value = "125 degC"; VariantName = "[No Variations]"
Add component (AddParameter): Name = "Min Operating Temperature"; Value = "-55 degC"; VariantName = "[No Variations]"
Add component (AddParameter): Name = "Mount"; Value = "Surface Mount"; VariantName = "[No Variations]"
Add component (AddParameter): Name = "Mounting Technology"; Value = "Surface Mount"; VariantName = "[No Variations]"
Add component (AddParameter): Name = "Package Quantity"; Value = "4000"; VariantName = "[No Variations]"
Add component (AddParameter): Name = "PackageDescription"; Value = "2-Pin Surface Mount Device, Body 1.6 x 0.8 mm"; VariantName = "[No Variations]"
Add component (AddParameter): Name = "PackageReference"; Value = "0603"; VariantName = "[No Variations]"
Add component (AddParameter): Name = "Packaging"; Value = "Tape and Reel"; VariantName = "[No Variations]"
Add component (AddParameter): Name = "REACH SVHC"; Value = "No SVHC"; VariantName = "[No Variations]"
Add component (AddParameter): Name = "RoHSCompliant"; Value = "true"; VariantName = "[No Variations]"
Add component (AddParameter): Name = "Voltage Rating"; Value = "50 V"; VariantName = "[No Variations]"
Added Component: Designator=C2(FP-GRT188-0_1-e0_2_0_5-IPC_C)
Added Component: Designator=C3(FP-GCM188-0_1-IPC_A)
Add component (AddParameter): Name = "Capacitance"; Value = "3.3nF"; VariantName = "[No Variations]"
Add component (AddParameter): Name = "Case Code (Imperial)"; Value = "0603"; VariantName = "[No Variations]"
Add component (AddParameter): Name = "Case Code (Metric)"; Value = "1608"; VariantName = "[No Variations]"
Add component (AddParameter): Name = "Case/Package"; Value = "0603"; VariantName = "[No Variations]"
Add component (AddParameter): Name = "Dielectric"; Value = "C0G"; VariantName = "[No Variations]"
Add component (AddParameter): Name = "Height"; Value = "0.8mm"; VariantName = "[No Variations]"
Add component (AddParameter): Name = "Length"; Value = "0.063inch"; VariantName = "[No Variations]"
Add component (AddParameter): Name = "Max Operating Temperature"; Value = "125°C"; VariantName = "[No Variations]"
Add component (AddParameter): Name = "Min Operating Temperature"; Value = "-55°C"; VariantName = "[No Variations]"
Add component (AddParameter): Name = "Mount"; Value = "Surface Mount"; VariantName = "[No Variations]"
Add component (AddParameter): Name = "Package Quantity"; Value = "10000"; VariantName = "[No Variations]"
Add component (AddParameter): Name = "Packaging"; Value = "Tape and Reel"; VariantName = "[No Variations]"
Add component (AddParameter): Name = "Ratings"; Value = "AEC-Q200"; VariantName = "[No Variations]"
Add component (AddParameter): Name = "RoHS Compliant"; Value = "Yes"; VariantName = "[No Variations]"
Add component (AddParameter): Name = "Termination"; Value = "SMD/SMT"; VariantName = "[No Variations]"
Add component (AddParameter): Name = "Thickness"; Value = "0.035inch"; VariantName = "[No Variations]"
Add component (AddParameter): Name = "Tolerance"; Value = "5%"; VariantName = "[No Variations]"
Add component (AddParameter): Name = "Voltage Rating"; Value = "50V"; VariantName = "[No Variations]"
Add component (AddParameter): Name = "Voltage Rating (DC)"; Value = "50V"; VariantName = "[No Variations]"
Add component (AddParameter): Name = "Weight"; Value = "0.000222oz"; VariantName = "[No Variations]"
Add component (AddParameter): Name = "Width"; Value = "0.031inch"; VariantName = "[No Variations]"
Added Component: Designator=C4(CAPC1608X90X35ML10T15)
Add component (AddParameter): Name = "ComponentLink1Description"; Value = "Manufacturer URL"; VariantName = "[No Variations]"
Add component (AddParameter): Name = "ComponentLink1URL"; Value = "http://www.murata.com/"; VariantName = "[No Variations]"
Add component (AddParameter): Name = "ComponentLink2Description"; Value = "Datasheet"; VariantName = "[No Variations]"
Add component (AddParameter): Name = "ComponentLink2URL"; Value = "http://psearch.en.murata.com/capacitor/product/GCM188R71H104KA57%23.pdf"; VariantName = "[No Variations]"
Add component (AddParameter): Name = "DatasheetVersion"; Value = "07/2016"; VariantName = "[No Variations]"
Add component (AddParameter): Name = "Height"; Value = "0.8 mm"; VariantName = "[No Variations]"
Add component (AddParameter): Name = "Length"; Value = "1.6 mm"; VariantName = "[No Variations]"
Add component (AddParameter): Name = "Manufacturer"; Value = "Murata"; VariantName = "[No Variations]"
Add component (AddParameter): Name = "Max Operating Temperature"; Value = "125 degC"; VariantName = "[No Variations]"
Add component (AddParameter): Name = "Min Operating Temperature"; Value = "-55 degC"; VariantName = "[No Variations]"
Add component (AddParameter): Name = "Mount"; Value = "Surface Mount"; VariantName = "[No Variations]"
Add component (AddParameter): Name = "Mounting Technology"; Value = "Surface Mount"; VariantName = "[No Variations]"
Add component (AddParameter): Name = "Package Quantity"; Value = "4000"; VariantName = "[No Variations]"
Add component (AddParameter): Name = "PackageDescription"; Value = "2-Pin Surface Mount Device, Body 1.6 x 0.8 mm"; VariantName = "[No Variations]"
Add component (AddParameter): Name = "PackageReference"; Value = "0603"; VariantName = "[No Variations]"
Add component (AddParameter): Name = "Packaging"; Value = "Tape and Reel"; VariantName = "[No Variations]"
Add component (AddParameter): Name = "REACH SVHC"; Value = "No SVHC"; VariantName = "[No Variations]"
Add component (AddParameter): Name = "RoHSCompliant"; Value = "true"; VariantName = "[No Variations]"
Add component (AddParameter): Name = "Voltage Rating"; Value = "50 V"; VariantName = "[No Variations]"
Added Component: Designator=C5(FP-GRT188-0_1-e0_2_0_5-IPC_C)
Added Component: Designator=C6(FP-GRT188-0_1-e0_2_0_5-IPC_C)
Added Component: Designator=C7(FP-GRM21B-0_15-IPC_A)
Add component (AddParameter): Name = "Capacitance"; Value = "10uF"; VariantName = "[No Variations]"
Add component (AddParameter): Name = "Case Code (Imperial)"; Value = "0805"; VariantName = "[No Variations]"
Add component (AddParameter): Name = "Case Code (Metric)"; Value = "2012"; VariantName = "[No Variations]"
Add component (AddParameter): Name = "Case/Package"; Value = "0805"; VariantName = "[No Variations]"
Add component (AddParameter): Name = "Depth"; Value = "1.25mm"; VariantName = "[No Variations]"
Add component (AddParameter): Name = "Dielectric"; Value = "X5R"; VariantName = "[No Variations]"
Add component (AddParameter): Name = "Height"; Value = "1.25mm"; VariantName = "[No Variations]"
Add component (AddParameter): Name = "Lead Free"; Value = "Lead Free"; VariantName = "[No Variations]"
Add component (AddParameter): Name = "Length"; Value = "2mm"; VariantName = "[No Variations]"
Add component (AddParameter): Name = "Max Operating Temperature"; Value = "85°C"; VariantName = "[No Variations]"
Add component (AddParameter): Name = "Min Operating Temperature"; Value = "-55°C"; VariantName = "[No Variations]"
Add component (AddParameter): Name = "Mount"; Value = "Surface Mount"; VariantName = "[No Variations]"
Add component (AddParameter): Name = "Package Quantity"; Value = "3000"; VariantName = "[No Variations]"
Add component (AddParameter): Name = "Packaging"; Value = "Tape and Reel"; VariantName = "[No Variations]"
Add component (AddParameter): Name = "REACH SVHC"; Value = "No SVHC"; VariantName = "[No Variations]"
Add component (AddParameter): Name = "Resistor Type"; Value = "Ceramic"; VariantName = "[No Variations]"
Add component (AddParameter): Name = "Termination"; Value = "SMD/SMT"; VariantName = "[No Variations]"
Add component (AddParameter): Name = "Thickness"; Value = "0.055inch"; VariantName = "[No Variations]"
Add component (AddParameter): Name = "Tolerance"; Value = "20%"; VariantName = "[No Variations]"
Add component (AddParameter): Name = "Voltage Rating"; Value = "25V"; VariantName = "[No Variations]"
Add component (AddParameter): Name = "Voltage Rating (DC)"; Value = "25V"; VariantName = "[No Variations]"
Add component (AddParameter): Name = "Weight"; Value = "0.000335oz"; VariantName = "[No Variations]"
Add component (AddParameter): Name = "Width"; Value = "0.049inch"; VariantName = "[No Variations]"
Added Component: Designator=C8(CAPC1608X90X35ML10T15)
Add component (AddParameter): Name = "ComponentLink1Description"; Value = "Manufacturer URL"; VariantName = "[No Variations]"
Add component (AddParameter): Name = "ComponentLink1URL"; Value = "http://www.murata.com/"; VariantName = "[No Variations]"
Add component (AddParameter): Name = "ComponentLink2Description"; Value = "Datasheet"; VariantName = "[No Variations]"
Add component (AddParameter): Name = "ComponentLink2URL"; Value = "http://psearch.en.murata.com/capacitor/product/GCM188R71H104KA57%23.pdf"; VariantName = "[No Variations]"
Add component (AddParameter): Name = "DatasheetVersion"; Value = "07/2016"; VariantName = "[No Variations]"
Add component (AddParameter): Name = "Height"; Value = "0.8 mm"; VariantName = "[No Variations]"
Add component (AddParameter): Name = "Length"; Value = "1.6 mm"; VariantName = "[No Variations]"
Add component (AddParameter): Name = "Manufacturer"; Value = "Murata"; VariantName = "[No Variations]"
Add component (AddParameter): Name = "Max Operating Temperature"; Value = "125 degC"; VariantName = "[No Variations]"
Add component (AddParameter): Name = "Min Operating Temperature"; Value = "-55 degC"; VariantName = "[No Variations]"
Add component (AddParameter): Name = "Mount"; Value = "Surface Mount"; VariantName = "[No Variations]"
Add component (AddParameter): Name = "Mounting Technology"; Value = "Surface Mount"; VariantName = "[No Variations]"
Add component (AddParameter): Name = "Package Quantity"; Value = "4000"; VariantName = "[No Variations]"
Add component (AddParameter): Name = "PackageDescription"; Value = "2-Pin Surface Mount Device, Body 1.6 x 0.8 mm"; VariantName = "[No Variations]"
Add component (AddParameter): Name = "PackageReference"; Value = "0603"; VariantName = "[No Variations]"
Add component (AddParameter): Name = "Packaging"; Value = "Tape and Reel"; VariantName = "[No Variations]"
Add component (AddParameter): Name = "REACH SVHC"; Value = "No SVHC"; VariantName = "[No Variations]"
Add component (AddParameter): Name = "RoHSCompliant"; Value = "true"; VariantName = "[No Variations]"
Add component (AddParameter): Name = "Voltage Rating"; Value = "50 V"; VariantName = "[No Variations]"
Added Component: Designator=C9(FP-GRT188-0_1-e0_2_0_5-IPC_C)
Added Component: Designator=C10(CAPC1608X90X35ML10T15)
Add component (AddParameter): Name = "ComponentLink1Description"; Value = "Manufacturer URL"; VariantName = "[No Variations]"
Add component (AddParameter): Name = "ComponentLink1URL"; Value = "http://www.murata.com/"; VariantName = "[No Variations]"
Add component (AddParameter): Name = "ComponentLink2Description"; Value = "Datasheet"; VariantName = "[No Variations]"
Add component (AddParameter): Name = "ComponentLink2URL"; Value = "http://psearch.en.murata.com/capacitor/product/GCM188R71H104KA57%23.pdf"; VariantName = "[No Variations]"
Add component (AddParameter): Name = "DatasheetVersion"; Value = "07/2016"; VariantName = "[No Variations]"
Add component (AddParameter): Name = "Height"; Value = "0.8 mm"; VariantName = "[No Variations]"
Add component (AddParameter): Name = "Length"; Value = "1.6 mm"; VariantName = "[No Variations]"
Add component (AddParameter): Name = "Manufacturer"; Value = "Murata"; VariantName = "[No Variations]"
Add component (AddParameter): Name = "Max Operating Temperature"; Value = "125 degC"; VariantName = "[No Variations]"
Add component (AddParameter): Name = "Min Operating Temperature"; Value = "-55 degC"; VariantName = "[No Variations]"
Add component (AddParameter): Name = "Mount"; Value = "Surface Mount"; VariantName = "[No Variations]"
Add component (AddParameter): Name = "Mounting Technology"; Value = "Surface Mount"; VariantName = "[No Variations]"
Add component (AddParameter): Name = "Package Quantity"; Value = "4000"; VariantName = "[No Variations]"
Add component (AddParameter): Name = "PackageDescription"; Value = "2-Pin Surface Mount Device, Body 1.6 x 0.8 mm"; VariantName = "[No Variations]"
Add component (AddParameter): Name = "PackageReference"; Value = "0603"; VariantName = "[No Variations]"
Add component (AddParameter): Name = "Packaging"; Value = "Tape and Reel"; VariantName = "[No Variations]"
Add component (AddParameter): Name = "REACH SVHC"; Value = "No SVHC"; VariantName = "[No Variations]"
Add component (AddParameter): Name = "RoHSCompliant"; Value = "true"; VariantName = "[No Variations]"
Add component (AddParameter): Name = "Voltage Rating"; Value = "50 V"; VariantName = "[No Variations]"
Added Component: Designator=C11(CAPC1608X87X35LL15T15)
Add component (AddParameter): Name = "Manufacturer"; Value = "Kemet"; VariantName = "[No Variations]"
Add component (AddParameter): Name = "Part Number"; Value = "C0603C103J5RALTU"; VariantName = "[No Variations]"
Added Component: Designator=C12(FP-GRM319-0_15-IPC_C)
Add component (AddParameter): Name = "Capacitance"; Value = "22uF"; VariantName = "[No Variations]"
Add component (AddParameter): Name = "Case Code (Imperial)"; Value = "1206"; VariantName = "[No Variations]"
Add component (AddParameter): Name = "Case Code (Metric)"; Value = "3216"; VariantName = "[No Variations]"
Add component (AddParameter): Name = "Case/Package"; Value = "1206"; VariantName = "[No Variations]"
Add component (AddParameter): Name = "Dielectric"; Value = "X5R"; VariantName = "[No Variations]"
Add component (AddParameter): Name = "Height"; Value = "0.85mm"; VariantName = "[No Variations]"
Add component (AddParameter): Name = "Length"; Value = "0.126inch"; VariantName = "[No Variations]"
Add component (AddParameter): Name = "Max Operating Temperature"; Value = "85°C"; VariantName = "[No Variations]"
Add component (AddParameter): Name = "Min Operating Temperature"; Value = "-55°C"; VariantName = "[No Variations]"
Add component (AddParameter): Name = "Mount"; Value = "Surface Mount"; VariantName = "[No Variations]"
Add component (AddParameter): Name = "Package Quantity"; Value = "4000"; VariantName = "[No Variations]"
Add component (AddParameter): Name = "Packaging"; Value = "Tape and Reel"; VariantName = "[No Variations]"
Add component (AddParameter): Name = "Resistor Type"; Value = "Ceramic"; VariantName = "[No Variations]"
Add component (AddParameter): Name = "Termination"; Value = "SMD/SMT"; VariantName = "[No Variations]"
Add component (AddParameter): Name = "Thickness"; Value = "0.037inch"; VariantName = "[No Variations]"
Add component (AddParameter): Name = "Tolerance"; Value = "20%"; VariantName = "[No Variations]"
Add component (AddParameter): Name = "Voltage Rating"; Value = "16V"; VariantName = "[No Variations]"
Add component (AddParameter): Name = "Voltage Rating (DC)"; Value = "16V"; VariantName = "[No Variations]"
Add component (AddParameter): Name = "Weight"; Value = "0.001411oz"; VariantName = "[No Variations]"
Add component (AddParameter): Name = "Width"; Value = "0.063inch"; VariantName = "[No Variations]"
Added Component: Designator=C13(FP-C0603C-CF-MFG)
Add component (AddParameter): Name = "Automotive"; Value = "Yes"; VariantName = "[No Variations]"
Add component (AddParameter): Name = "Automotive Grade"; Value = "Grade 1"; VariantName = "[No Variations]"
Add component (AddParameter): Name = "Capacitance"; Value = "0.47 µF"; VariantName = "[No Variations]"
Add component (AddParameter): Name = "Category"; Value = "Cap"; VariantName = "[No Variations]"
Add component (AddParameter): Name = "ComponentLink2Description"; Value = "Datasheet"; VariantName = "[No Variations]"
Add component (AddParameter): Name = "ComponentLink2URL"; Value = "https://api.kemet.com/component-edge/download/datasheet/C0603C100J5GACAUTO.pdf"; VariantName = "[No Variations]"
Add component (AddParameter): Name = "Device Class L1"; Value = "Passive Components"; VariantName = "[No Variations]"
Add component (AddParameter): Name = "Device Class L2"; Value = "Capacitors"; VariantName = "[No Variations]"
Add component (AddParameter): Name = "Device Class L3"; Value = "Ceramic Capacitors"; VariantName = "[No Variations]"
Add component (AddParameter): Name = "Digikey Description"; Value = "CAP CER SMD 0603 .47UF 5% X7R 16"; VariantName = "[No Variations]"
Add component (AddParameter): Name = "Height"; Value = "0.87mm"; VariantName = "[No Variations]"
Add component (AddParameter): Name = "Lead Free"; Value = "Yes"; VariantName = "[No Variations]"
Add component (AddParameter): Name = "Manufacturer"; Value = "KEMET"; VariantName = "[No Variations]"
Add component (AddParameter): Name = "Manufacturer Part Number"; Value = "C0603C474J4RACAUTO"; VariantName = "[No Variations]"
Add component (AddParameter): Name = "Material"; Value = "Ceramic"; VariantName = "[No Variations]"
Add component (AddParameter): Name = "Mouser Description"; Value = "Multilayer Ceramic Capacitor Automotive Grad X7R 0.47uF 5% 16V SMD 0603 Paper T/R"; VariantName = "[No Variations]"
Add component (AddParameter): Name = "Octopart"; Value = "https://octopart.com/c0603c474j4racauto-kemet-80813680"; VariantName = "[No Variations]"
Add component (AddParameter): Name = "Package"; Value = "C0603C-CF"; VariantName = "[No Variations]"
Add component (AddParameter): Name = "RoHS"; Value = "TRUE"; VariantName = "[No Variations]"
Add component (AddParameter): Name = "Temperature"; Value = "-55°C to +125°C"; VariantName = "[No Variations]"
Add component (AddParameter): Name = "Temperature Characteristic"; Value = "X7R"; VariantName = "[No Variations]"
Add component (AddParameter): Name = "Temperature Coefficient"; Value = "30ppm/°C"; VariantName = "[No Variations]"
Add component (AddParameter): Name = "Temperature Range High"; Value = "+125°C"; VariantName = "[No Variations]"
Add component (AddParameter): Name = "Temperature Range Low"; Value = "-55°C"; VariantName = "[No Variations]"
Add component (AddParameter): Name = "Tolerance"; Value = "0.05"; VariantName = "[No Variations]"
Add component (AddParameter): Name = "Value"; Value = "0.47 µF"; VariantName = "[No Variations]"
Add component (AddParameter): Name = "Voltage Rating"; Value = "16 V"; VariantName = "[No Variations]"
Added Component: Designator=C14(FP-GCJ188-0_2-IPC_A)
Add component (AddParameter): Name = "Capacitance"; Value = "1nF"; VariantName = "[No Variations]"
Add component (AddParameter): Name = "Case Code (Imperial)"; Value = "0603"; VariantName = "[No Variations]"
Add component (AddParameter): Name = "Case Code (Metric)"; Value = "1608"; VariantName = "[No Variations]"
Add component (AddParameter): Name = "Case/Package"; Value = "0603"; VariantName = "[No Variations]"
Add component (AddParameter): Name = "Dielectric"; Value = "X7R"; VariantName = "[No Variations]"
Add component (AddParameter): Name = "Features"; Value = "Soft Termination"; VariantName = "[No Variations]"
Add component (AddParameter): Name = "Lead Free"; Value = "Lead Free"; VariantName = "[No Variations]"
Add component (AddParameter): Name = "Length"; Value = "0.063inch"; VariantName = "[No Variations]"
Add component (AddParameter): Name = "Max Operating Temperature"; Value = "125°C"; VariantName = "[No Variations]"
Add component (AddParameter): Name = "Min Operating Temperature"; Value = "-55°C"; VariantName = "[No Variations]"
Add component (AddParameter): Name = "Mount"; Value = "Surface Mount"; VariantName = "[No Variations]"
Add component (AddParameter): Name = "Package Quantity"; Value = "4000"; VariantName = "[No Variations]"
Add component (AddParameter): Name = "Packaging"; Value = "Tape and Reel"; VariantName = "[No Variations]"
Add component (AddParameter): Name = "Ratings"; Value = "AEC-Q200"; VariantName = "[No Variations]"
Add component (AddParameter): Name = "Termination"; Value = "SMD/SMT"; VariantName = "[No Variations]"
Add component (AddParameter): Name = "Thickness"; Value = "0.031inch"; VariantName = "[No Variations]"
Add component (AddParameter): Name = "Tolerance"; Value = "10%"; VariantName = "[No Variations]"
Add component (AddParameter): Name = "Voltage Rating"; Value = "50V"; VariantName = "[No Variations]"
Add component (AddParameter): Name = "Voltage Rating (DC)"; Value = "50V"; VariantName = "[No Variations]"
Add component (AddParameter): Name = "Width"; Value = "0.031inch"; VariantName = "[No Variations]"
Added Component: Designator=C15(FP-GRT188-0_1-e0_2_0_5-IPC_C)
Added Component: Designator=C16(CAPC1608X90X35ML10T15)
Add component (AddParameter): Name = "ComponentLink1Description"; Value = "Manufacturer URL"; VariantName = "[No Variations]"
Add component (AddParameter): Name = "ComponentLink1URL"; Value = "http://www.murata.com/"; VariantName = "[No Variations]"
Add component (AddParameter): Name = "ComponentLink2Description"; Value = "Datasheet"; VariantName = "[No Variations]"
Add component (AddParameter): Name = "ComponentLink2URL"; Value = "http://psearch.en.murata.com/capacitor/product/GCM188R71H104KA57%23.pdf"; VariantName = "[No Variations]"
Add component (AddParameter): Name = "DatasheetVersion"; Value = "07/2016"; VariantName = "[No Variations]"
Add component (AddParameter): Name = "Height"; Value = "0.8 mm"; VariantName = "[No Variations]"
Add component (AddParameter): Name = "Length"; Value = "1.6 mm"; VariantName = "[No Variations]"
Add component (AddParameter): Name = "Manufacturer"; Value = "Murata"; VariantName = "[No Variations]"
Add component (AddParameter): Name = "Max Operating Temperature"; Value = "125 degC"; VariantName = "[No Variations]"
Add component (AddParameter): Name = "Min Operating Temperature"; Value = "-55 degC"; VariantName = "[No Variations]"
Add component (AddParameter): Name = "Mount"; Value = "Surface Mount"; VariantName = "[No Variations]"
Add component (AddParameter): Name = "Mounting Technology"; Value = "Surface Mount"; VariantName = "[No Variations]"
Add component (AddParameter): Name = "Package Quantity"; Value = "4000"; VariantName = "[No Variations]"
Add component (AddParameter): Name = "PackageDescription"; Value = "2-Pin Surface Mount Device, Body 1.6 x 0.8 mm"; VariantName = "[No Variations]"
Add component (AddParameter): Name = "PackageReference"; Value = "0603"; VariantName = "[No Variations]"
Add component (AddParameter): Name = "Packaging"; Value = "Tape and Reel"; VariantName = "[No Variations]"
Add component (AddParameter): Name = "REACH SVHC"; Value = "No SVHC"; VariantName = "[No Variations]"
Add component (AddParameter): Name = "RoHSCompliant"; Value = "true"; VariantName = "[No Variations]"
Add component (AddParameter): Name = "Voltage Rating"; Value = "50 V"; VariantName = "[No Variations]"
Added Component: Designator=C17(FP-GRT188-0_1-e0_2_0_5-IPC_C)
Added Component: Designator=C18(FP-GRM21B-0_15-IPC_A)
Add component (AddParameter): Name = "Capacitance"; Value = "10uF"; VariantName = "[No Variations]"
Add component (AddParameter): Name = "Case Code (Imperial)"; Value = "0805"; VariantName = "[No Variations]"
Add component (AddParameter): Name = "Case Code (Metric)"; Value = "2012"; VariantName = "[No Variations]"
Add component (AddParameter): Name = "Case/Package"; Value = "0805"; VariantName = "[No Variations]"
Add component (AddParameter): Name = "Depth"; Value = "1.25mm"; VariantName = "[No Variations]"
Add component (AddParameter): Name = "Dielectric"; Value = "X5R"; VariantName = "[No Variations]"
Add component (AddParameter): Name = "Height"; Value = "1.25mm"; VariantName = "[No Variations]"
Add component (AddParameter): Name = "Lead Free"; Value = "Lead Free"; VariantName = "[No Variations]"
Add component (AddParameter): Name = "Length"; Value = "2mm"; VariantName = "[No Variations]"
Add component (AddParameter): Name = "Max Operating Temperature"; Value = "85°C"; VariantName = "[No Variations]"
Add component (AddParameter): Name = "Min Operating Temperature"; Value = "-55°C"; VariantName = "[No Variations]"
Add component (AddParameter): Name = "Mount"; Value = "Surface Mount"; VariantName = "[No Variations]"
Add component (AddParameter): Name = "Package Quantity"; Value = "3000"; VariantName = "[No Variations]"
Add component (AddParameter): Name = "Packaging"; Value = "Tape and Reel"; VariantName = "[No Variations]"
Add component (AddParameter): Name = "REACH SVHC"; Value = "No SVHC"; VariantName = "[No Variations]"
Add component (AddParameter): Name = "Resistor Type"; Value = "Ceramic"; VariantName = "[No Variations]"
Add component (AddParameter): Name = "Termination"; Value = "SMD/SMT"; VariantName = "[No Variations]"
Add component (AddParameter): Name = "Thickness"; Value = "0.055inch"; VariantName = "[No Variations]"
Add component (AddParameter): Name = "Tolerance"; Value = "20%"; VariantName = "[No Variations]"
Add component (AddParameter): Name = "Voltage Rating"; Value = "25V"; VariantName = "[No Variations]"
Add component (AddParameter): Name = "Voltage Rating (DC)"; Value = "25V"; VariantName = "[No Variations]"
Add component (AddParameter): Name = "Weight"; Value = "0.000335oz"; VariantName = "[No Variations]"
Add component (AddParameter): Name = "Width"; Value = "0.049inch"; VariantName = "[No Variations]"
Added Component: Designator=C19(CAPC1608X90X35ML10T15)
Add component (AddParameter): Name = "ComponentLink1Description"; Value = "Manufacturer URL"; VariantName = "[No Variations]"
Add component (AddParameter): Name = "ComponentLink1URL"; Value = "http://www.murata.com/"; VariantName = "[No Variations]"
Add component (AddParameter): Name = "ComponentLink2Description"; Value = "Datasheet"; VariantName = "[No Variations]"
Add component (AddParameter): Name = "ComponentLink2URL"; Value = "http://psearch.en.murata.com/capacitor/product/GCM188R71H104KA57%23.pdf"; VariantName = "[No Variations]"
Add component (AddParameter): Name = "DatasheetVersion"; Value = "07/2016"; VariantName = "[No Variations]"
Add component (AddParameter): Name = "Height"; Value = "0.8 mm"; VariantName = "[No Variations]"
Add component (AddParameter): Name = "Length"; Value = "1.6 mm"; VariantName = "[No Variations]"
Add component (AddParameter): Name = "Manufacturer"; Value = "Murata"; VariantName = "[No Variations]"
Add component (AddParameter): Name = "Max Operating Temperature"; Value = "125 degC"; VariantName = "[No Variations]"
Add component (AddParameter): Name = "Min Operating Temperature"; Value = "-55 degC"; VariantName = "[No Variations]"
Add component (AddParameter): Name = "Mount"; Value = "Surface Mount"; VariantName = "[No Variations]"
Add component (AddParameter): Name = "Mounting Technology"; Value = "Surface Mount"; VariantName = "[No Variations]"
Add component (AddParameter): Name = "Package Quantity"; Value = "4000"; VariantName = "[No Variations]"
Add component (AddParameter): Name = "PackageDescription"; Value = "2-Pin Surface Mount Device, Body 1.6 x 0.8 mm"; VariantName = "[No Variations]"
Add component (AddParameter): Name = "PackageReference"; Value = "0603"; VariantName = "[No Variations]"
Add component (AddParameter): Name = "Packaging"; Value = "Tape and Reel"; VariantName = "[No Variations]"
Add component (AddParameter): Name = "REACH SVHC"; Value = "No SVHC"; VariantName = "[No Variations]"
Add component (AddParameter): Name = "RoHSCompliant"; Value = "true"; VariantName = "[No Variations]"
Add component (AddParameter): Name = "Voltage Rating"; Value = "50 V"; VariantName = "[No Variations]"
Added Component: Designator=C20(FP-GCJ188-0_2-IPC_C)
Add component (AddParameter): Name = "Capacitance"; Value = "100nF"; VariantName = "[No Variations]"
Add component (AddParameter): Name = "Case Code (Imperial)"; Value = "0603"; VariantName = "[No Variations]"
Add component (AddParameter): Name = "Case Code (Metric)"; Value = "1608"; VariantName = "[No Variations]"
Add component (AddParameter): Name = "Case/Package"; Value = "0603"; VariantName = "[No Variations]"
Add component (AddParameter): Name = "Depth"; Value = "0.8mm"; VariantName = "[No Variations]"
Add component (AddParameter): Name = "Dielectric"; Value = "X7R"; VariantName = "[No Variations]"
Add component (AddParameter): Name = "Features"; Value = "Soft Termination"; VariantName = "[No Variations]"
Add component (AddParameter): Name = "Height"; Value = "0.8mm"; VariantName = "[No Variations]"
Add component (AddParameter): Name = "Lead Free"; Value = "Lead Free"; VariantName = "[No Variations]"
Add component (AddParameter): Name = "Length"; Value = "1.6mm"; VariantName = "[No Variations]"
Add component (AddParameter): Name = "Max Operating Temperature"; Value = "125°C"; VariantName = "[No Variations]"
Add component (AddParameter): Name = "Min Operating Temperature"; Value = "-55°C"; VariantName = "[No Variations]"
Add component (AddParameter): Name = "Mount"; Value = "Surface Mount"; VariantName = "[No Variations]"
Add component (AddParameter): Name = "Package Quantity"; Value = "1"; VariantName = "[No Variations]"
Add component (AddParameter): Name = "Packaging"; Value = "Tape and Reel"; VariantName = "[No Variations]"
Add component (AddParameter): Name = "Radiation Hardening"; Value = "No"; VariantName = "[No Variations]"
Add component (AddParameter): Name = "Ratings"; Value = "AEC-Q200"; VariantName = "[No Variations]"
Add component (AddParameter): Name = "Termination"; Value = "SMD/SMT"; VariantName = "[No Variations]"
Add component (AddParameter): Name = "Thickness"; Value = "0.035inch"; VariantName = "[No Variations]"
Add component (AddParameter): Name = "Tolerance"; Value = "10%"; VariantName = "[No Variations]"
Add component (AddParameter): Name = "Voltage Rating"; Value = "50V"; VariantName = "[No Variations]"
Add component (AddParameter): Name = "Voltage Rating (DC)"; Value = "50V"; VariantName = "[No Variations]"
Add component (AddParameter): Name = "Width"; Value = "0.031inch"; VariantName = "[No Variations]"
Added Component: Designator=C21(CAPC1608X90X35ML10T15)
Add component (AddParameter): Name = "ComponentLink1Description"; Value = "Manufacturer URL"; VariantName = "[No Variations]"
Add component (AddParameter): Name = "ComponentLink1URL"; Value = "http://www.murata.com/"; VariantName = "[No Variations]"
Add component (AddParameter): Name = "ComponentLink2Description"; Value = "Datasheet"; VariantName = "[No Variations]"
Add component (AddParameter): Name = "ComponentLink2URL"; Value = "http://psearch.en.murata.com/capacitor/product/GCM188R71H104KA57%23.pdf"; VariantName = "[No Variations]"
Add component (AddParameter): Name = "DatasheetVersion"; Value = "07/2016"; VariantName = "[No Variations]"
Add component (AddParameter): Name = "Height"; Value = "0.8 mm"; VariantName = "[No Variations]"
Add component (AddParameter): Name = "Length"; Value = "1.6 mm"; VariantName = "[No Variations]"
Add component (AddParameter): Name = "Manufacturer"; Value = "Murata"; VariantName = "[No Variations]"
Add component (AddParameter): Name = "Max Operating Temperature"; Value = "125 degC"; VariantName = "[No Variations]"
Add component (AddParameter): Name = "Min Operating Temperature"; Value = "-55 degC"; VariantName = "[No Variations]"
Add component (AddParameter): Name = "Mount"; Value = "Surface Mount"; VariantName = "[No Variations]"
Add component (AddParameter): Name = "Mounting Technology"; Value = "Surface Mount"; VariantName = "[No Variations]"
Add component (AddParameter): Name = "Package Quantity"; Value = "4000"; VariantName = "[No Variations]"
Add component (AddParameter): Name = "PackageDescription"; Value = "2-Pin Surface Mount Device, Body 1.6 x 0.8 mm"; VariantName = "[No Variations]"
Add component (AddParameter): Name = "PackageReference"; Value = "0603"; VariantName = "[No Variations]"
Add component (AddParameter): Name = "Packaging"; Value = "Tape and Reel"; VariantName = "[No Variations]"
Add component (AddParameter): Name = "REACH SVHC"; Value = "No SVHC"; VariantName = "[No Variations]"
Add component (AddParameter): Name = "RoHSCompliant"; Value = "true"; VariantName = "[No Variations]"
Add component (AddParameter): Name = "Voltage Rating"; Value = "50 V"; VariantName = "[No Variations]"
Added Component: Designator=C22(FP-GRM319-0_15-IPC_C)
Add component (AddParameter): Name = "Capacitance"; Value = "22uF"; VariantName = "[No Variations]"
Add component (AddParameter): Name = "Case Code (Imperial)"; Value = "1206"; VariantName = "[No Variations]"
Add component (AddParameter): Name = "Case Code (Metric)"; Value = "3216"; VariantName = "[No Variations]"
Add component (AddParameter): Name = "Case/Package"; Value = "1206"; VariantName = "[No Variations]"
Add component (AddParameter): Name = "Dielectric"; Value = "X5R"; VariantName = "[No Variations]"
Add component (AddParameter): Name = "Height"; Value = "0.85mm"; VariantName = "[No Variations]"
Add component (AddParameter): Name = "Length"; Value = "0.126inch"; VariantName = "[No Variations]"
Add component (AddParameter): Name = "Max Operating Temperature"; Value = "85°C"; VariantName = "[No Variations]"
Add component (AddParameter): Name = "Min Operating Temperature"; Value = "-55°C"; VariantName = "[No Variations]"
Add component (AddParameter): Name = "Mount"; Value = "Surface Mount"; VariantName = "[No Variations]"
Add component (AddParameter): Name = "Package Quantity"; Value = "4000"; VariantName = "[No Variations]"
Add component (AddParameter): Name = "Packaging"; Value = "Tape and Reel"; VariantName = "[No Variations]"
Add component (AddParameter): Name = "Resistor Type"; Value = "Ceramic"; VariantName = "[No Variations]"
Add component (AddParameter): Name = "Termination"; Value = "SMD/SMT"; VariantName = "[No Variations]"
Add component (AddParameter): Name = "Thickness"; Value = "0.037inch"; VariantName = "[No Variations]"
Add component (AddParameter): Name = "Tolerance"; Value = "20%"; VariantName = "[No Variations]"
Add component (AddParameter): Name = "Voltage Rating"; Value = "16V"; VariantName = "[No Variations]"
Add component (AddParameter): Name = "Voltage Rating (DC)"; Value = "16V"; VariantName = "[No Variations]"
Add component (AddParameter): Name = "Weight"; Value = "0.001411oz"; VariantName = "[No Variations]"
Add component (AddParameter): Name = "Width"; Value = "0.063inch"; VariantName = "[No Variations]"
Added Component: Designator=C23(CAPC1608X90X35ML10T15)
Add component (AddParameter): Name = "ComponentLink1Description"; Value = "Manufacturer URL"; VariantName = "[No Variations]"
Add component (AddParameter): Name = "ComponentLink1URL"; Value = "http://www.murata.com/"; VariantName = "[No Variations]"
Add component (AddParameter): Name = "ComponentLink2Description"; Value = "Datasheet"; VariantName = "[No Variations]"
Add component (AddParameter): Name = "ComponentLink2URL"; Value = "http://psearch.en.murata.com/capacitor/product/GCM188R71H104KA57%23.pdf"; VariantName = "[No Variations]"
Add component (AddParameter): Name = "DatasheetVersion"; Value = "07/2016"; VariantName = "[No Variations]"
Add component (AddParameter): Name = "Height"; Value = "0.8 mm"; VariantName = "[No Variations]"
Add component (AddParameter): Name = "Length"; Value = "1.6 mm"; VariantName = "[No Variations]"
Add component (AddParameter): Name = "Manufacturer"; Value = "Murata"; VariantName = "[No Variations]"
Add component (AddParameter): Name = "Max Operating Temperature"; Value = "125 degC"; VariantName = "[No Variations]"
Add component (AddParameter): Name = "Min Operating Temperature"; Value = "-55 degC"; VariantName = "[No Variations]"
Add component (AddParameter): Name = "Mount"; Value = "Surface Mount"; VariantName = "[No Variations]"
Add component (AddParameter): Name = "Mounting Technology"; Value = "Surface Mount"; VariantName = "[No Variations]"
Add component (AddParameter): Name = "Package Quantity"; Value = "4000"; VariantName = "[No Variations]"
Add component (AddParameter): Name = "PackageDescription"; Value = "2-Pin Surface Mount Device, Body 1.6 x 0.8 mm"; VariantName = "[No Variations]"
Add component (AddParameter): Name = "PackageReference"; Value = "0603"; VariantName = "[No Variations]"
Add component (AddParameter): Name = "Packaging"; Value = "Tape and Reel"; VariantName = "[No Variations]"
Add component (AddParameter): Name = "REACH SVHC"; Value = "No SVHC"; VariantName = "[No Variations]"
Add component (AddParameter): Name = "RoHSCompliant"; Value = "true"; VariantName = "[No Variations]"
Add component (AddParameter): Name = "Voltage Rating"; Value = "50 V"; VariantName = "[No Variations]"
Added Component: Designator=C24(CAPC1608X90X35ML10T15)
Add component (AddParameter): Name = "ComponentLink1Description"; Value = "Manufacturer URL"; VariantName = "[No Variations]"
Add component (AddParameter): Name = "ComponentLink1URL"; Value = "http://www.murata.com/"; VariantName = "[No Variations]"
Add component (AddParameter): Name = "ComponentLink2Description"; Value = "Datasheet"; VariantName = "[No Variations]"
Add component (AddParameter): Name = "ComponentLink2URL"; Value = "http://psearch.en.murata.com/capacitor/product/GCM188R71H104KA57%23.pdf"; VariantName = "[No Variations]"
Add component (AddParameter): Name = "DatasheetVersion"; Value = "07/2016"; VariantName = "[No Variations]"
Add component (AddParameter): Name = "Height"; Value = "0.8 mm"; VariantName = "[No Variations]"
Add component (AddParameter): Name = "Length"; Value = "1.6 mm"; VariantName = "[No Variations]"
Add component (AddParameter): Name = "Manufacturer"; Value = "Murata"; VariantName = "[No Variations]"
Add component (AddParameter): Name = "Max Operating Temperature"; Value = "125 degC"; VariantName = "[No Variations]"
Add component (AddParameter): Name = "Min Operating Temperature"; Value = "-55 degC"; VariantName = "[No Variations]"
Add component (AddParameter): Name = "Mount"; Value = "Surface Mount"; VariantName = "[No Variations]"
Add component (AddParameter): Name = "Mounting Technology"; Value = "Surface Mount"; VariantName = "[No Variations]"
Add component (AddParameter): Name = "Package Quantity"; Value = "4000"; VariantName = "[No Variations]"
Add component (AddParameter): Name = "PackageDescription"; Value = "2-Pin Surface Mount Device, Body 1.6 x 0.8 mm"; VariantName = "[No Variations]"
Add component (AddParameter): Name = "PackageReference"; Value = "0603"; VariantName = "[No Variations]"
Add component (AddParameter): Name = "Packaging"; Value = "Tape and Reel"; VariantName = "[No Variations]"
Add component (AddParameter): Name = "REACH SVHC"; Value = "No SVHC"; VariantName = "[No Variations]"
Add component (AddParameter): Name = "RoHSCompliant"; Value = "true"; VariantName = "[No Variations]"
Add component (AddParameter): Name = "Voltage Rating"; Value = "50 V"; VariantName = "[No Variations]"
Added Component: Designator=C25(FP-GRM21B-0_15-IPC_A)
Add component (AddParameter): Name = "Capacitance"; Value = "10uF"; VariantName = "[No Variations]"
Add component (AddParameter): Name = "Case Code (Imperial)"; Value = "0805"; VariantName = "[No Variations]"
Add component (AddParameter): Name = "Case Code (Metric)"; Value = "2012"; VariantName = "[No Variations]"
Add component (AddParameter): Name = "Case/Package"; Value = "0805"; VariantName = "[No Variations]"
Add component (AddParameter): Name = "Depth"; Value = "1.25mm"; VariantName = "[No Variations]"
Add component (AddParameter): Name = "Dielectric"; Value = "X5R"; VariantName = "[No Variations]"
Add component (AddParameter): Name = "Height"; Value = "1.25mm"; VariantName = "[No Variations]"
Add component (AddParameter): Name = "Lead Free"; Value = "Lead Free"; VariantName = "[No Variations]"
Add component (AddParameter): Name = "Length"; Value = "2mm"; VariantName = "[No Variations]"
Add component (AddParameter): Name = "Max Operating Temperature"; Value = "85°C"; VariantName = "[No Variations]"
Add component (AddParameter): Name = "Min Operating Temperature"; Value = "-55°C"; VariantName = "[No Variations]"
Add component (AddParameter): Name = "Mount"; Value = "Surface Mount"; VariantName = "[No Variations]"
Add component (AddParameter): Name = "Package Quantity"; Value = "3000"; VariantName = "[No Variations]"
Add component (AddParameter): Name = "Packaging"; Value = "Tape and Reel"; VariantName = "[No Variations]"
Add component (AddParameter): Name = "REACH SVHC"; Value = "No SVHC"; VariantName = "[No Variations]"
Add component (AddParameter): Name = "Resistor Type"; Value = "Ceramic"; VariantName = "[No Variations]"
Add component (AddParameter): Name = "Termination"; Value = "SMD/SMT"; VariantName = "[No Variations]"
Add component (AddParameter): Name = "Thickness"; Value = "0.055inch"; VariantName = "[No Variations]"
Add component (AddParameter): Name = "Tolerance"; Value = "20%"; VariantName = "[No Variations]"
Add component (AddParameter): Name = "Voltage Rating"; Value = "25V"; VariantName = "[No Variations]"
Add component (AddParameter): Name = "Voltage Rating (DC)"; Value = "25V"; VariantName = "[No Variations]"
Add component (AddParameter): Name = "Weight"; Value = "0.000335oz"; VariantName = "[No Variations]"
Add component (AddParameter): Name = "Width"; Value = "0.049inch"; VariantName = "[No Variations]"
Added Component: Designator=C26(FP-GRM21B-0_15-IPC_A)
Add component (AddParameter): Name = "Capacitance"; Value = "10uF"; VariantName = "[No Variations]"
Add component (AddParameter): Name = "Case Code (Imperial)"; Value = "0805"; VariantName = "[No Variations]"
Add component (AddParameter): Name = "Case Code (Metric)"; Value = "2012"; VariantName = "[No Variations]"
Add component (AddParameter): Name = "Case/Package"; Value = "0805"; VariantName = "[No Variations]"
Add component (AddParameter): Name = "Depth"; Value = "1.25mm"; VariantName = "[No Variations]"
Add component (AddParameter): Name = "Dielectric"; Value = "X5R"; VariantName = "[No Variations]"
Add component (AddParameter): Name = "Height"; Value = "1.25mm"; VariantName = "[No Variations]"
Add component (AddParameter): Name = "Lead Free"; Value = "Lead Free"; VariantName = "[No Variations]"
Add component (AddParameter): Name = "Length"; Value = "2mm"; VariantName = "[No Variations]"
Add component (AddParameter): Name = "Max Operating Temperature"; Value = "85°C"; VariantName = "[No Variations]"
Add component (AddParameter): Name = "Min Operating Temperature"; Value = "-55°C"; VariantName = "[No Variations]"
Add component (AddParameter): Name = "Mount"; Value = "Surface Mount"; VariantName = "[No Variations]"
Add component (AddParameter): Name = "Package Quantity"; Value = "3000"; VariantName = "[No Variations]"
Add component (AddParameter): Name = "Packaging"; Value = "Tape and Reel"; VariantName = "[No Variations]"
Add component (AddParameter): Name = "REACH SVHC"; Value = "No SVHC"; VariantName = "[No Variations]"
Add component (AddParameter): Name = "Resistor Type"; Value = "Ceramic"; VariantName = "[No Variations]"
Add component (AddParameter): Name = "Termination"; Value = "SMD/SMT"; VariantName = "[No Variations]"
Add component (AddParameter): Name = "Thickness"; Value = "0.055inch"; VariantName = "[No Variations]"
Add component (AddParameter): Name = "Tolerance"; Value = "20%"; VariantName = "[No Variations]"
Add component (AddParameter): Name = "Voltage Rating"; Value = "25V"; VariantName = "[No Variations]"
Add component (AddParameter): Name = "Voltage Rating (DC)"; Value = "25V"; VariantName = "[No Variations]"
Add component (AddParameter): Name = "Weight"; Value = "0.000335oz"; VariantName = "[No Variations]"
Add component (AddParameter): Name = "Width"; Value = "0.049inch"; VariantName = "[No Variations]"
Added Component: Designator=C27(FP-GRM319-0_15-IPC_C)
Add component (AddParameter): Name = "Capacitance"; Value = "22uF"; VariantName = "[No Variations]"
Add component (AddParameter): Name = "Case Code (Imperial)"; Value = "1206"; VariantName = "[No Variations]"
Add component (AddParameter): Name = "Case Code (Metric)"; Value = "3216"; VariantName = "[No Variations]"
Add component (AddParameter): Name = "Case/Package"; Value = "1206"; VariantName = "[No Variations]"
Add component (AddParameter): Name = "Dielectric"; Value = "X5R"; VariantName = "[No Variations]"
Add component (AddParameter): Name = "Height"; Value = "0.85mm"; VariantName = "[No Variations]"
Add component (AddParameter): Name = "Length"; Value = "0.126inch"; VariantName = "[No Variations]"
Add component (AddParameter): Name = "Max Operating Temperature"; Value = "85°C"; VariantName = "[No Variations]"
Add component (AddParameter): Name = "Min Operating Temperature"; Value = "-55°C"; VariantName = "[No Variations]"
Add component (AddParameter): Name = "Mount"; Value = "Surface Mount"; VariantName = "[No Variations]"
Add component (AddParameter): Name = "Package Quantity"; Value = "4000"; VariantName = "[No Variations]"
Add component (AddParameter): Name = "Packaging"; Value = "Tape and Reel"; VariantName = "[No Variations]"
Add component (AddParameter): Name = "Resistor Type"; Value = "Ceramic"; VariantName = "[No Variations]"
Add component (AddParameter): Name = "Termination"; Value = "SMD/SMT"; VariantName = "[No Variations]"
Add component (AddParameter): Name = "Thickness"; Value = "0.037inch"; VariantName = "[No Variations]"
Add component (AddParameter): Name = "Tolerance"; Value = "20%"; VariantName = "[No Variations]"
Add component (AddParameter): Name = "Voltage Rating"; Value = "16V"; VariantName = "[No Variations]"
Add component (AddParameter): Name = "Voltage Rating (DC)"; Value = "16V"; VariantName = "[No Variations]"
Add component (AddParameter): Name = "Weight"; Value = "0.001411oz"; VariantName = "[No Variations]"
Add component (AddParameter): Name = "Width"; Value = "0.063inch"; VariantName = "[No Variations]"
Added Component: Designator=C28(CAPC1608X90X35ML10T15)
Add component (AddParameter): Name = "ComponentLink1Description"; Value = "Manufacturer URL"; VariantName = "[No Variations]"
Add component (AddParameter): Name = "ComponentLink1URL"; Value = "http://www.murata.com/"; VariantName = "[No Variations]"
Add component (AddParameter): Name = "ComponentLink2Description"; Value = "Datasheet"; VariantName = "[No Variations]"
Add component (AddParameter): Name = "ComponentLink2URL"; Value = "http://psearch.en.murata.com/capacitor/product/GCM188R71H104KA57%23.pdf"; VariantName = "[No Variations]"
Add component (AddParameter): Name = "DatasheetVersion"; Value = "07/2016"; VariantName = "[No Variations]"
Add component (AddParameter): Name = "Height"; Value = "0.8 mm"; VariantName = "[No Variations]"
Add component (AddParameter): Name = "Length"; Value = "1.6 mm"; VariantName = "[No Variations]"
Add component (AddParameter): Name = "Manufacturer"; Value = "Murata"; VariantName = "[No Variations]"
Add component (AddParameter): Name = "Max Operating Temperature"; Value = "125 degC"; VariantName = "[No Variations]"
Add component (AddParameter): Name = "Min Operating Temperature"; Value = "-55 degC"; VariantName = "[No Variations]"
Add component (AddParameter): Name = "Mount"; Value = "Surface Mount"; VariantName = "[No Variations]"
Add component (AddParameter): Name = "Mounting Technology"; Value = "Surface Mount"; VariantName = "[No Variations]"
Add component (AddParameter): Name = "Package Quantity"; Value = "4000"; VariantName = "[No Variations]"
Add component (AddParameter): Name = "PackageDescription"; Value = "2-Pin Surface Mount Device, Body 1.6 x 0.8 mm"; VariantName = "[No Variations]"
Add component (AddParameter): Name = "PackageReference"; Value = "0603"; VariantName = "[No Variations]"
Add component (AddParameter): Name = "Packaging"; Value = "Tape and Reel"; VariantName = "[No Variations]"
Add component (AddParameter): Name = "REACH SVHC"; Value = "No SVHC"; VariantName = "[No Variations]"
Add component (AddParameter): Name = "RoHSCompliant"; Value = "true"; VariantName = "[No Variations]"
Add component (AddParameter): Name = "Voltage Rating"; Value = "50 V"; VariantName = "[No Variations]"
Added Component: Designator=C29(CAPC1608X90X35ML10T15)
Add component (AddParameter): Name = "ComponentLink1Description"; Value = "Manufacturer URL"; VariantName = "[No Variations]"
Add component (AddParameter): Name = "ComponentLink1URL"; Value = "http://www.murata.com/"; VariantName = "[No Variations]"
Add component (AddParameter): Name = "ComponentLink2Description"; Value = "Datasheet"; VariantName = "[No Variations]"
Add component (AddParameter): Name = "ComponentLink2URL"; Value = "http://psearch.en.murata.com/capacitor/product/GCM188R71H104KA57%23.pdf"; VariantName = "[No Variations]"
Add component (AddParameter): Name = "DatasheetVersion"; Value = "07/2016"; VariantName = "[No Variations]"
Add component (AddParameter): Name = "Height"; Value = "0.8 mm"; VariantName = "[No Variations]"
Add component (AddParameter): Name = "Length"; Value = "1.6 mm"; VariantName = "[No Variations]"
Add component (AddParameter): Name = "Manufacturer"; Value = "Murata"; VariantName = "[No Variations]"
Add component (AddParameter): Name = "Max Operating Temperature"; Value = "125 degC"; VariantName = "[No Variations]"
Add component (AddParameter): Name = "Min Operating Temperature"; Value = "-55 degC"; VariantName = "[No Variations]"
Add component (AddParameter): Name = "Mount"; Value = "Surface Mount"; VariantName = "[No Variations]"
Add component (AddParameter): Name = "Mounting Technology"; Value = "Surface Mount"; VariantName = "[No Variations]"
Add component (AddParameter): Name = "Package Quantity"; Value = "4000"; VariantName = "[No Variations]"
Add component (AddParameter): Name = "PackageDescription"; Value = "2-Pin Surface Mount Device, Body 1.6 x 0.8 mm"; VariantName = "[No Variations]"
Add component (AddParameter): Name = "PackageReference"; Value = "0603"; VariantName = "[No Variations]"
Add component (AddParameter): Name = "Packaging"; Value = "Tape and Reel"; VariantName = "[No Variations]"
Add component (AddParameter): Name = "REACH SVHC"; Value = "No SVHC"; VariantName = "[No Variations]"
Add component (AddParameter): Name = "RoHSCompliant"; Value = "true"; VariantName = "[No Variations]"
Add component (AddParameter): Name = "Voltage Rating"; Value = "50 V"; VariantName = "[No Variations]"
Added Component: Designator=IC1(ESP32S3WROOM1UN16R8)
Add component (AddParameter): Name = "Arrow Part Number"; Value = ""; VariantName = "[No Variations]"
Add component (AddParameter): Name = "Arrow Price/Stock"; Value = ""; VariantName = "[No Variations]"
Add component (AddParameter): Name = "Datasheet Link"; Value = "https://www.espressif.com/sites/default/files/documentation/esp32-s3-wroom-1_wroom-1u_datasheet_en.pdf"; VariantName = "[No Variations]"
Add component (AddParameter): Name = "Height"; Value = "3.35mm"; VariantName = "[No Variations]"
Add component (AddParameter): Name = "Manufacturer_Name"; Value = "Espressif Systems"; VariantName = "[No Variations]"
Add component (AddParameter): Name = "Manufacturer_Part_Number"; Value = "ESP32-S3-WROOM-1U-N16R8"; VariantName = "[No Variations]"
Add component (AddParameter): Name = "Mouser Part Number"; Value = "356-ESP32S3WM1UN16R8"; VariantName = "[No Variations]"
Add component (AddParameter): Name = "Mouser Price/Stock"; Value = "https://www.mouser.co.uk/ProductDetail/Espressif-Systems/ESP32-S3-WROOM-1U-N16R8?qs=Li%252BoUPsLEns6V0Pr5KRJtw%3D%3D"; VariantName = "[No Variations]"
Added Component: Designator=IC2(SOT95P280X145-6N)
Add component (AddParameter): Name = "Arrow Part Number"; Value = "USBLC6-2SC6"; VariantName = "[No Variations]"
Add component (AddParameter): Name = "Arrow Price/Stock"; Value = "https://www.arrow.com/en/products/usblc6-2sc6/stmicroelectronics?utm_currency=USD&region=europe"; VariantName = "[No Variations]"
Add component (AddParameter): Name = "Datasheet Link"; Value = "https://www.st.com/resource/en/datasheet/usblc6-2.pdf"; VariantName = "[No Variations]"
Add component (AddParameter): Name = "Height"; Value = "1.45mm"; VariantName = "[No Variations]"
Add component (AddParameter): Name = "Manufacturer_Name"; Value = "STMicroelectronics"; VariantName = "[No Variations]"
Add component (AddParameter): Name = "Manufacturer_Part_Number"; Value = "USBLC6-2SC6"; VariantName = "[No Variations]"
Add component (AddParameter): Name = "Mouser Part Number"; Value = "511-USBLC6-2SC6"; VariantName = "[No Variations]"
Add component (AddParameter): Name = "Mouser Price/Stock"; Value = "https://www.mouser.co.uk/ProductDetail/STMicroelectronics/USBLC6-2SC6?qs=po45yt2pPpu%2FhNIlwQdTlg%3D%3D"; VariantName = "[No Variations]"
Added Component: Designator=IC3(SOP50P310X90-8N)
Add component (AddParameter): Name = "Arrow Part Number"; Value = "TXU0202DCUR"; VariantName = "[No Variations]"
Add component (AddParameter): Name = "Arrow Price/Stock"; Value = "https://www.arrow.com/en/products/txu0202dcur/texas-instruments.html?utm_currency=USD&region=nac"; VariantName = "[No Variations]"
Add component (AddParameter): Name = "Datasheet Link"; Value = "https://www.ti.com/product/ja-jp/TXU0202"; VariantName = "[No Variations]"
Add component (AddParameter): Name = "Height"; Value = "0.9mm"; VariantName = "[No Variations]"
Add component (AddParameter): Name = "Manufacturer_Name"; Value = "Texas Instruments"; VariantName = "[No Variations]"
Add component (AddParameter): Name = "Manufacturer_Part_Number"; Value = "TXU0202DCUR"; VariantName = "[No Variations]"
Add component (AddParameter): Name = "Mouser Part Number"; Value = "595-TXU0202DCUR"; VariantName = "[No Variations]"
Add component (AddParameter): Name = "Mouser Price/Stock"; Value = "https://www.mouser.co.uk/ProductDetail/Texas-Instruments/TXU0202DCUR?qs=t7xnP681wgVssPLUozppFA%3D%3D"; VariantName = "[No Variations]"
Added Component: Designator=IMU1(4400555)
Add component (AddParameter): Name = "Arrow Part Number"; Value = "440055-5"; VariantName = "[No Variations]"
Add component (AddParameter): Name = "Arrow Price/Stock"; Value = "https://www.arrow.com/en/products/440055-5/te-connectivity?region=nac"; VariantName = "[No Variations]"
Add component (AddParameter): Name = "Datasheet Link"; Value = "https://www.te.com/commerce/DocumentDelivery/DDEController?Action=srchrtrv&DocNm=1-1773713-2_HPI_QRG_EN&DocType=Data%20Sheet&DocLang=English&PartCntxt=440055-5&DocFormat=pdf"; VariantName = "[No Variations]"
Add component (AddParameter): Name = "Height"; Value = "5.25mm"; VariantName = "[No Variations]"
Add component (AddParameter): Name = "Manufacturer_Name"; Value = "TE Connectivity"; VariantName = "[No Variations]"
Add component (AddParameter): Name = "Manufacturer_Part_Number"; Value = "440055-5"; VariantName = "[No Variations]"
Add component (AddParameter): Name = "Mouser Part Number"; Value = "571-440055-5"; VariantName = "[No Variations]"
Add component (AddParameter): Name = "Mouser Price/Stock"; Value = "https://www.mouser.co.uk/ProductDetail/TE-Connectivity/440055-5?qs=DE9Qji9blsSCZ1TIZpnBjw%3D%3D"; VariantName = "[No Variations]"
Added Component: Designator=J1(MOLX-52271-0679)
Add component (AddParameter): Name = "Circuits (Loaded)"; Value = "6"; VariantName = "[No Variations]"
Add component (AddParameter): Name = "ComponentLink1Description"; Value = "Manufacturer URL"; VariantName = "[No Variations]"
Add component (AddParameter): Name = "ComponentLink1URL"; Value = "http://www.molex.com/molex/index.jsp"; VariantName = "[No Variations]"
Add component (AddParameter): Name = "ComponentLink2Description"; Value = "Datasheet"; VariantName = "[No Variations]"
Add component (AddParameter): Name = "ComponentLink2URL"; Value = "http://www.molex.com/webdocs/datasheets/pdf/en-us/0522710679_FFC_FPC_CONNECTORS.pdf"; VariantName = "[No Variations]"
Add component (AddParameter): Name = "ComponentLink3Description"; Value = "Package Specification"; VariantName = "[No Variations]"
Add component (AddParameter): Name = "ComponentLink3URL"; Value = "http://www.molex.com/pdm_docs/sd/522710679_sd.pdf"; VariantName = "[No Variations]"
Add component (AddParameter): Name = "Contact Position"; Value = "Bottom"; VariantName = "[No Variations]"
Add component (AddParameter): Name = "Current (Max per Contact)"; Value = "0.5A"; VariantName = "[No Variations]"
Add component (AddParameter): Name = "Durability (mating cycles max)"; Value = "30"; VariantName = "[No Variations]"
Add component (AddParameter): Name = "Entry Angle"; Value = "90degrees Angle"; VariantName = "[No Variations]"
Add component (AddParameter): Name = "Manufacturer"; Value = "Molex"; VariantName = "[No Variations]"
Add component (AddParameter): Name = "Mated Height"; Value = "3.00mm"; VariantName = "[No Variations]"
Add component (AddParameter): Name = "Material - Metal"; Value = "Phosphor Bronze"; VariantName = "[No Variations]"
Add component (AddParameter): Name = "Material - Plating Mating"; Value = "Tin-Bismuth"; VariantName = "[No Variations]"
Add component (AddParameter): Name = "Material - Plating Termination"; Value = "Tin-Bismuth"; VariantName = "[No Variations]"
Add component (AddParameter): Name = "Mounting Technology"; Value = "Surface Mount"; VariantName = "[No Variations]"
Add component (AddParameter): Name = "Number of Rows"; Value = "1"; VariantName = "[No Variations]"
Add component (AddParameter): Name = "Orientation"; Value = "Right Angle"; VariantName = "[No Variations]"
Add component (AddParameter): Name = "PackageDescription"; Value = "6-Lead FPC Connector, Pitch 1.0 mm"; VariantName = "[No Variations]"
Add component (AddParameter): Name = "PackageReference"; Value = "52271-0679"; VariantName = "[No Variations]"
Add component (AddParameter): Name = "PackageVersion"; Value = "Rev. B, 04/2004"; VariantName = "[No Variations]"
Add component (AddParameter): Name = "Packing"; Value = "Tape and Reel"; VariantName = "[No Variations]"
Add component (AddParameter): Name = "PartNumber"; Value = "52271-0679"; VariantName = "[No Variations]"
Add component (AddParameter): Name = "PCB Locator"; Value = "No"; VariantName = "[No Variations]"
Add component (AddParameter): Name = "PCB Retention"; Value = "Yes"; VariantName = "[No Variations]"
Add component (AddParameter): Name = "Pitch - Mating Interface"; Value = "1.00mm"; VariantName = "[No Variations]"
Add component (AddParameter): Name = "Pitch - Termination Interface"; Value = "1.00mm"; VariantName = "[No Variations]"
Add component (AddParameter): Name = "Polarized to PCB"; Value = "Yes"; VariantName = "[No Variations]"
Add component (AddParameter): Name = "RoHS"; Value = "TRUE"; VariantName = "[No Variations]"
Add component (AddParameter): Name = "Stackable"; Value = "No"; VariantName = "[No Variations]"
Add component (AddParameter): Name = "Voltage (Max)"; Value = "50V AC (RMS)/DC"; VariantName = "[No Variations]"
Added Component: Designator=J2(MOLX-54132-4062)
Add component (AddParameter): Name = "Circuits (Loaded)"; Value = "40"; VariantName = "[No Variations]"
Add component (AddParameter): Name = "ComponentLink1Description"; Value = "Manufacturer URL"; VariantName = "[No Variations]"
Add component (AddParameter): Name = "ComponentLink1URL"; Value = "http://www.molex.com/molex/index.jsp"; VariantName = "[No Variations]"
Add component (AddParameter): Name = "ComponentLink2Description"; Value = "Datasheet"; VariantName = "[No Variations]"
Add component (AddParameter): Name = "ComponentLink2URL"; Value = "http://www.molex.com/webdocs/datasheets/pdf/en-us/0541324062_FFC_FPC_CONNECTORS.pdf"; VariantName = "[No Variations]"
Add component (AddParameter): Name = "ComponentLink3Description"; Value = "Package Specification"; VariantName = "[No Variations]"
Add component (AddParameter): Name = "ComponentLink3URL"; Value = "http://www.molex.com/pdm_docs/sd/541324062_sd.pdf"; VariantName = "[No Variations]"
Add component (AddParameter): Name = "Contact Position"; Value = "Bottom"; VariantName = "[No Variations]"
Add component (AddParameter): Name = "Current (Max per Contact)"; Value = "0.5A"; VariantName = "[No Variations]"
Add component (AddParameter): Name = "Durability (mating cycles max)"; Value = "20"; VariantName = "[No Variations]"
Add component (AddParameter): Name = "Entry Angle"; Value = "90degrees Angle"; VariantName = "[No Variations]"
Add component (AddParameter): Name = "Manufacturer"; Value = "Molex"; VariantName = "[No Variations]"
Add component (AddParameter): Name = "Mated Height"; Value = "2.00mm"; VariantName = "[No Variations]"
Add component (AddParameter): Name = "Material - Metal"; Value = "Phosphor Bronze"; VariantName = "[No Variations]"
Add component (AddParameter): Name = "Material - Plating Mating"; Value = "Gold"; VariantName = "[No Variations]"
Add component (AddParameter): Name = "Material - Plating Termination"; Value = "Gold"; VariantName = "[No Variations]"
Add component (AddParameter): Name = "Mounting Technology"; Value = "Surface Mount"; VariantName = "[No Variations]"
Add component (AddParameter): Name = "Number of Rows"; Value = "1"; VariantName = "[No Variations]"
Add component (AddParameter): Name = "Orientation"; Value = "Right Angle"; VariantName = "[No Variations]"
Add component (AddParameter): Name = "PackageDescription"; Value = "40-Lead FPC Connector, Pitch 0.5 mm"; VariantName = "[No Variations]"
Add component (AddParameter): Name = "PackageReference"; Value = "54132-4062"; VariantName = "[No Variations]"
Add component (AddParameter): Name = "PackageVersion"; Value = "Rev. F, 07/2010"; VariantName = "[No Variations]"
Add component (AddParameter): Name = "Packing"; Value = "Tape and Reel"; VariantName = "[No Variations]"
Add component (AddParameter): Name = "PartNumber"; Value = "54132-4062"; VariantName = "[No Variations]"
Add component (AddParameter): Name = "PCB Locator"; Value = "No"; VariantName = "[No Variations]"
Add component (AddParameter): Name = "PCB Retention"; Value = "Yes"; VariantName = "[No Variations]"
Add component (AddParameter): Name = "Pitch - Mating Interface"; Value = "0.50mm"; VariantName = "[No Variations]"
Add component (AddParameter): Name = "Polarized to PCB"; Value = "Yes"; VariantName = "[No Variations]"
Add component (AddParameter): Name = "RoHS"; Value = "TRUE"; VariantName = "[No Variations]"
Add component (AddParameter): Name = "Stackable"; Value = "No"; VariantName = "[No Variations]"
Add component (AddParameter): Name = "Voltage (Max)"; Value = "50V"; VariantName = "[No Variations]"
Added Component: Designator=J3(FP-USB4105-GF-A-MFG)
Add component (AddParameter): Name = "Automotive"; Value = "No"; VariantName = "[No Variations]"
Add component (AddParameter): Name = "Category"; Value = "Conn"; VariantName = "[No Variations]"
Add component (AddParameter): Name = "ComponentLink2Description"; Value = "Datasheet"; VariantName = "[No Variations]"
Add component (AddParameter): Name = "ComponentLink2URL"; Value = "https://gct.co/files/drawings/usb4105.pdf"; VariantName = "[No Variations]"
Add component (AddParameter): Name = "Conn Orientation"; Value = "Right Angle"; VariantName = "[No Variations]"
Add component (AddParameter): Name = "Contact Material"; Value = "Gold,Nickel"; VariantName = "[No Variations]"
Add component (AddParameter): Name = "Current Rating"; Value = "5/6.25/1.25/0.25A"; VariantName = "[No Variations]"
Add component (AddParameter): Name = "Device Class L1"; Value = "Connectors"; VariantName = "[No Variations]"
Add component (AddParameter): Name = "Device Class L2"; Value = "USB Connectors"; VariantName = "[No Variations]"
Add component (AddParameter): Name = "Device Class L3"; Value = "unset"; VariantName = "[No Variations]"
Add component (AddParameter): Name = "Digikey Description"; Value = "CONN RCPT USB2.0 TYPEC 5A"; VariantName = "[No Variations]"
Add component (AddParameter): Name = "Height"; Value = "3.46mm"; VariantName = "[No Variations]"
Add component (AddParameter): Name = "Is Female"; Value = "yes"; VariantName = "[No Variations]"
Add component (AddParameter): Name = "Lead Free"; Value = "Yes"; VariantName = "[No Variations]"
Add component (AddParameter): Name = "Manufacturer"; Value = "GCT"; VariantName = "[No Variations]"
Add component (AddParameter): Name = "Manufacturer Part Number"; Value = "USB4105-GF-A"; VariantName = "[No Variations]"
Add component (AddParameter): Name = "Number Of Contacts"; Value = "16"; VariantName = "[No Variations]"
Add component (AddParameter): Name = "Octopart"; Value = "https://octopart.com/usb4105-gf-a-gct-106627878"; VariantName = "[No Variations]"
Add component (AddParameter): Name = "Package"; Value = "0"; VariantName = "[No Variations]"
Add component (AddParameter): Name = "RoHS"; Value = "TRUE"; VariantName = "[No Variations]"
Add component (AddParameter): Name = "Temperature"; Value = "-40°C to +85°C"; VariantName = "[No Variations]"
Add component (AddParameter): Name = "Temperature Range High"; Value = "+85°C"; VariantName = "[No Variations]"
Add component (AddParameter): Name = "Temperature Range Low"; Value = "-40°C"; VariantName = "[No Variations]"
Add component (AddParameter): Name = "Usb Standard"; Value = "USB 2.0"; VariantName = "[No Variations]"
Add component (AddParameter): Name = "Voltage Rating"; Value = "20V"; VariantName = "[No Variations]"
Added Component: Designator=J4(FP-BM14B-GHS-TBT_LF_SN-MFG)
Add component (AddParameter): Name = "Color"; Value = "Natural"; VariantName = "[No Variations]"
Add component (AddParameter): Name = "Connector Type"; Value = "Male Pin"; VariantName = "[No Variations]"
Add component (AddParameter): Name = "Contact Material"; Value = "Copper, Tin"; VariantName = "[No Variations]"
Add component (AddParameter): Name = "Contact Plating"; Value = "Tin"; VariantName = "[No Variations]"
Add component (AddParameter): Name = "Current Rating"; Value = "1A"; VariantName = "[No Variations]"
Add component (AddParameter): Name = "Fastening Type"; Value = "Latch"; VariantName = "[No Variations]"
Add component (AddParameter): Name = "Height"; Value = "4.2mm"; VariantName = "[No Variations]"
Add component (AddParameter): Name = "Housing Color"; Value = "Natural"; VariantName = "[No Variations]"
Add component (AddParameter): Name = "Housing Material"; Value = "Nylon"; VariantName = "[No Variations]"
Add component (AddParameter): Name = "Lead Free"; Value = "Lead Free"; VariantName = "[No Variations]"
Add component (AddParameter): Name = "Max Operating Temperature"; Value = "85°C"; VariantName = "[No Variations]"
Add component (AddParameter): Name = "Min Operating Temperature"; Value = "-25°C"; VariantName = "[No Variations]"
Add component (AddParameter): Name = "Mount"; Value = "Surface Mount"; VariantName = "[No Variations]"
Add component (AddParameter): Name = "NexarPartId"; Value = "289289"; VariantName = "[No Variations]"
Add component (AddParameter): Name = "Number of Contacts"; Value = "14"; VariantName = "[No Variations]"
Add component (AddParameter): Name = "Number of Positions"; Value = "14"; VariantName = "[No Variations]"
Add component (AddParameter): Name = "Number of Rows"; Value = "1"; VariantName = "[No Variations]"
Add component (AddParameter): Name = "Packaging"; Value = "Cut Tape"; VariantName = "[No Variations]"
Add component (AddParameter): Name = "Pitch"; Value = "1.2446mm"; VariantName = "[No Variations]"
Add component (AddParameter): Name = "RoHS"; Value = "Compliant"; VariantName = "[No Variations]"
Add component (AddParameter): Name = "Termination"; Value = "Solder"; VariantName = "[No Variations]"
Add component (AddParameter): Name = "Voltage Rating"; Value = "50V"; VariantName = "[No Variations]"
Added Component: Designator=L1(FP-SRP4020TA-MFG)
Add component (AddParameter): Name = "Automotive"; Value = "Yes"; VariantName = "[No Variations]"
Add component (AddParameter): Name = "Automotive Grade"; Value = "Grade 0"; VariantName = "[No Variations]"
Add component (AddParameter): Name = "Category"; Value = "Ind"; VariantName = "[No Variations]"
Add component (AddParameter): Name = "ComponentLink2Description"; Value = "Datasheet"; VariantName = "[No Variations]"
Add component (AddParameter): Name = "ComponentLink2URL"; Value = "https://www.bourns.com/docs/Product-Datasheets/SRP4020TA.pdf"; VariantName = "[No Variations]"
Add component (AddParameter): Name = "Composition"; Value = "Wirewound"; VariantName = "[No Variations]"
Add component (AddParameter): Name = "Core Material"; Value = "Carbonyl Powder"; VariantName = "[No Variations]"
Add component (AddParameter): Name = "Device Class L1"; Value = "Passive Components"; VariantName = "[No Variations]"
Add component (AddParameter): Name = "Device Class L2"; Value = "Inductors"; VariantName = "[No Variations]"
Add component (AddParameter): Name = "Device Class L3"; Value = "Fixed Inductors"; VariantName = "[No Variations]"
Add component (AddParameter): Name = "Digikey Description"; Value = "FIXED IND 3.3UH 3.5A 76 MOHM SMD"; VariantName = "[No Variations]"
Add component (AddParameter): Name = "Height"; Value = "2.1mm"; VariantName = "[No Variations]"
Add component (AddParameter): Name = "Inductance"; Value = "3.3uH"; VariantName = "[No Variations]"
Add component (AddParameter): Name = "Lead Free"; Value = "Yes"; VariantName = "[No Variations]"
Add component (AddParameter): Name = "Manufacturer"; Value = "Bourns"; VariantName = "[No Variations]"
Add component (AddParameter): Name = "Manufacturer Part Number"; Value = "SRP4020TA-3R3M"; VariantName = "[No Variations]"
Add component (AddParameter): Name = "Mouser Description"; Value = "Ind Power Shielded Wirewound 3.3uH 20% 100KHz Carbonyl Powder 3.5A T/R"; VariantName = "[No Variations]"
Add component (AddParameter): Name = "Octopart"; Value = "https://octopart.com/srp4020ta-3r3m-bourns-47300338"; VariantName = "[No Variations]"
Add component (AddParameter): Name = "Package"; Value = "SRP4020TA"; VariantName = "[No Variations]"
Add component (AddParameter): Name = "Q Factor"; Value = "10"; VariantName = "[No Variations]"
Add component (AddParameter): Name = "Rms Current"; Value = "3.5A"; VariantName = "[No Variations]"
Add component (AddParameter): Name = "RoHS"; Value = "TRUE"; VariantName = "[No Variations]"
Add component (AddParameter): Name = "Saturation Current"; Value = "4A"; VariantName = "[No Variations]"
Add component (AddParameter): Name = "Self Resonant Frequency"; Value = "40MHz"; VariantName = "[No Variations]"
Add component (AddParameter): Name = "Series Resistance"; Value = "76mO"; VariantName = "[No Variations]"
Add component (AddParameter): Name = "Shielding"; Value = "true"; VariantName = "[No Variations]"
Add component (AddParameter): Name = "Temperature"; Value = "-40°C to +150°C"; VariantName = "[No Variations]"
Add component (AddParameter): Name = "Temperature Range High"; Value = "+150°C"; VariantName = "[No Variations]"
Add component (AddParameter): Name = "Temperature Range Low"; Value = "-40°C"; VariantName = "[No Variations]"
Add component (AddParameter): Name = "Test Frequency"; Value = "100kHz"; VariantName = "[No Variations]"
Add component (AddParameter): Name = "Tolerance"; Value = "20%"; VariantName = "[No Variations]"
Add component (AddParameter): Name = "Value"; Value = "3.3uH"; VariantName = "[No Variations]"
Added Component: Designator=LS1(PS1240P02BT)
Add component (AddParameter): Name = "Arrow Part Number"; Value = "PS1240P02BT"; VariantName = "[No Variations]"
Add component (AddParameter): Name = "Arrow Price/Stock"; Value = "https://www.arrow.com/en/products/ps1240p02bt/tdk?utm_currency=USD&region=nac"; VariantName = "[No Variations]"
Add component (AddParameter): Name = "Datasheet Link"; Value = "https://product.tdk.com/system/files/dam/doc/product/sw_piezo/sw_piezo/piezo-buzzer/catalog/piezoelectronic_buzzer_ps_en.pdf"; VariantName = "[No Variations]"
Add component (AddParameter): Name = "Manufacturer_Name"; Value = "TDK"; VariantName = "[No Variations]"
Add component (AddParameter): Name = "Manufacturer_Part_Number"; Value = "PS1240P02BT"; VariantName = "[No Variations]"
Add component (AddParameter): Name = "Mouser Part Number"; Value = "810-PS1240P02BT"; VariantName = "[No Variations]"
Add component (AddParameter): Name = "Mouser Price/Stock"; Value = "https://www.mouser.co.uk/ProductDetail/TDK/PS1240P02BT?qs=d7g9p1yFhWaZXSY9MjKMkw%3D%3D"; VariantName = "[No Variations]"
Added Component: Designator=P1(JST-B4B-PH-K-S_V)
Add component (AddParameter): Name = "Datasheet URL"; Value = "http://datasheet.octopart.com/B4B-PH-K-S%28LF%29%28SN%29-JST-datasheet-10558886.pdf"; VariantName = "[No Variations]"
Add component (AddParameter): Name = "Datasheet Version"; Value = "Apr-09"; VariantName = "[No Variations]"
Add component (AddParameter): Name = "Manufacturer"; Value = "JST"; VariantName = "[No Variations]"
Add component (AddParameter): Name = "Manufacturer URL"; Value = "http://www.jst.com/home2.html"; VariantName = "[No Variations]"
Add component (AddParameter): Name = "No of Positions"; Value = "4"; VariantName = "[No Variations]"
Add component (AddParameter): Name = "Pitch"; Value = "2mm"; VariantName = "[No Variations]"
Add component (AddParameter): Name = "Style/Orientation"; Value = "StraightHeader/Plug"; VariantName = "[No Variations]"
Add component (AddParameter): Name = "Termination"; Value = "Crimp"; VariantName = "[No Variations]"
Add component (AddParameter): Name = "Type"; Value = "ShroudedHeader"; VariantName = "[No Variations]"
Added Component: Designator=R1(FP-AC0603-IPC_A)
Added Component: Designator=R2(FP-AC0603-IPC_A)
Added Component: Designator=R3(FP-RMCF0603-MFG)
Add component (AddParameter): Name = "Case/Package"; Value = "0603"; VariantName = "[No Variations]"
Add component (AddParameter): Name = "Contact Plating"; Value = "Tin"; VariantName = "[No Variations]"
Add component (AddParameter): Name = "Max Operating Temperature"; Value = "155°C"; VariantName = "[No Variations]"
Add component (AddParameter): Name = "Min Operating Temperature"; Value = "-55°C"; VariantName = "[No Variations]"
Add component (AddParameter): Name = "Mount"; Value = "Surface Mount"; VariantName = "[No Variations]"
Add component (AddParameter): Name = "Packaging"; Value = "Tape and Reel"; VariantName = "[No Variations]"
Add component (AddParameter): Name = "Radiation Hardening"; Value = "No"; VariantName = "[No Variations]"
Add component (AddParameter): Name = "Resistance"; Value = "1.3kR"; VariantName = "[No Variations]"
Add component (AddParameter): Name = "Resistor Type"; Value = "Thick Film"; VariantName = "[No Variations]"
Add component (AddParameter): Name = "RoHS Compliant"; Value = "Yes"; VariantName = "[No Variations]"
Add component (AddParameter): Name = "Temperature Coefficient"; Value = "100ppm/°C"; VariantName = "[No Variations]"
Add component (AddParameter): Name = "Tolerance"; Value = "5%"; VariantName = "[No Variations]"
Added Component: Designator=R4(FP-AC0603-IPC_A)
Added Component: Designator=R5(FP-AC0603-IPC_A)
Added Component: Designator=R6(FP-AC0603-IPC_A)
Added Component: Designator=R7(FP-AC0603-IPC_A)
Added Component: Designator=R8(FP-AC0603-IPC_A)
Added Component: Designator=R9(FP-AC0603-IPC_A)
Added Component: Designator=R10(FP-AT0603-IPC_B)
Added Component: Designator=R11(FP-RMCF0805-IPC_C)
Add component (AddParameter): Name = "Case Code (Imperial)"; Value = "0805"; VariantName = "[No Variations]"
Add component (AddParameter): Name = "Case Code (Metric)"; Value = "2012"; VariantName = "[No Variations]"
Add component (AddParameter): Name = "Case/Package"; Value = "0805"; VariantName = "[No Variations]"
Add component (AddParameter): Name = "Construction"; Value = "Rectangular"; VariantName = "[No Variations]"
Add component (AddParameter): Name = "Contact Plating"; Value = "Tin"; VariantName = "[No Variations]"
Add component (AddParameter): Name = "Depth"; Value = "1.25mm"; VariantName = "[No Variations]"
Add component (AddParameter): Name = "Features"; Value = "Automotive AEC-Q200"; VariantName = "[No Variations]"
Add component (AddParameter): Name = "Height"; Value = "0.026inch"; VariantName = "[No Variations]"
Add component (AddParameter): Name = "Lead Free"; Value = "Lead Free"; VariantName = "[No Variations]"
Add component (AddParameter): Name = "Length"; Value = "2mm"; VariantName = "[No Variations]"
Add component (AddParameter): Name = "Max Operating Temperature"; Value = "155°C"; VariantName = "[No Variations]"
Add component (AddParameter): Name = "Max Power Dissipation"; Value = "125mW"; VariantName = "[No Variations]"
Add component (AddParameter): Name = "Military Standard"; Value = "Not"; VariantName = "[No Variations]"
Add component (AddParameter): Name = "Min Operating Temperature"; Value = "-55°C"; VariantName = "[No Variations]"
Add component (AddParameter): Name = "Mount"; Value = "Surface Mount"; VariantName = "[No Variations]"
Add component (AddParameter): Name = "Number of Terminations"; Value = "2"; VariantName = "[No Variations]"
Add component (AddParameter): Name = "Packaging"; Value = "Tape and Reel"; VariantName = "[No Variations]"
Add component (AddParameter): Name = "Radiation Hardening"; Value = "No"; VariantName = "[No Variations]"
Add component (AddParameter): Name = "Resistance"; Value = "1MR"; VariantName = "[No Variations]"
Add component (AddParameter): Name = "Resistor Type"; Value = "Thick Film"; VariantName = "[No Variations]"
Add component (AddParameter): Name = "RoHS Compliant"; Value = "Yes"; VariantName = "[No Variations]"
Add component (AddParameter): Name = "Series"; Value = "RMCF"; VariantName = "[No Variations]"
Add component (AddParameter): Name = "Temperature Coefficient"; Value = "200ppm/°C"; VariantName = "[No Variations]"
Add component (AddParameter): Name = "Tolerance"; Value = "5%"; VariantName = "[No Variations]"
Add component (AddParameter): Name = "Width"; Value = "0.049inch"; VariantName = "[No Variations]"
Added Component: Designator=R12(FP-AC0603-IPC_A)
Added Component: Designator=R13(FP-AT0603-IPC_B)
Added Component: Designator=R14(FP-RMCF0603-IPC_A)
Add component (AddParameter): Name = "Case/Package"; Value = "0603"; VariantName = "[No Variations]"
Add component (AddParameter): Name = "Contact Plating"; Value = "Tin"; VariantName = "[No Variations]"
Add component (AddParameter): Name = "Features"; Value = "Automotive AEC-Q200"; VariantName = "[No Variations]"
Add component (AddParameter): Name = "Height"; Value = "0.022inch"; VariantName = "[No Variations]"
Add component (AddParameter): Name = "Length"; Value = "0.061inch"; VariantName = "[No Variations]"
Add component (AddParameter): Name = "Max Operating Temperature"; Value = "155°C"; VariantName = "[No Variations]"
Add component (AddParameter): Name = "Max Power Dissipation"; Value = "100mW"; VariantName = "[No Variations]"
Add component (AddParameter): Name = "Min Operating Temperature"; Value = "-55°C"; VariantName = "[No Variations]"
Add component (AddParameter): Name = "Mount"; Value = "Surface Mount"; VariantName = "[No Variations]"
Add component (AddParameter): Name = "Number of Terminations"; Value = "2"; VariantName = "[No Variations]"
Add component (AddParameter): Name = "Packaging"; Value = "Tape and Reel"; VariantName = "[No Variations]"
Add component (AddParameter): Name = "Radiation Hardening"; Value = "No"; VariantName = "[No Variations]"
Add component (AddParameter): Name = "Resistance"; Value = "22R"; VariantName = "[No Variations]"
Add component (AddParameter): Name = "Resistor Type"; Value = "Thick Film"; VariantName = "[No Variations]"
Add component (AddParameter): Name = "RoHS Compliant"; Value = "Yes"; VariantName = "[No Variations]"
Add component (AddParameter): Name = "Series"; Value = "RMCF"; VariantName = "[No Variations]"
Add component (AddParameter): Name = "Temperature Coefficient"; Value = "200ppm/°C"; VariantName = "[No Variations]"
Add component (AddParameter): Name = "Tolerance"; Value = "5%"; VariantName = "[No Variations]"
Add component (AddParameter): Name = "Width"; Value = "0.031inch"; VariantName = "[No Variations]"
Added Component: Designator=R15(FP-RN732A-MFG)
Add component (AddParameter): Name = "Automotive"; Value = "No"; VariantName = "[No Variations]"
Add component (AddParameter): Name = "Category"; Value = "Res"; VariantName = "[No Variations]"
Add component (AddParameter): Name = "ComponentLink2Description"; Value = "Datasheet"; VariantName = "[No Variations]"
Add component (AddParameter): Name = "ComponentLink2URL"; Value = "https://www.te.com/commerce/DocumentDelivery/DDEController?Action=showdoc&DocId=Data+Sheet%7F1773270%7FP%7Fpdf%7FEnglish%7FENG_DS_1773270_P.pdf%7F1676162-2"; VariantName = "[No Variations]"
Add component (AddParameter): Name = "Composition"; Value = "Thin Film"; VariantName = "[No Variations]"
Add component (AddParameter): Name = "Device Class L1"; Value = "Passive Components"; VariantName = "[No Variations]"
Add component (AddParameter): Name = "Device Class L2"; Value = "Resistors"; VariantName = "[No Variations]"
Add component (AddParameter): Name = "Device Class L3"; Value = "Chip SMD Resistors"; VariantName = "[No Variations]"
Add component (AddParameter): Name = "Height"; Value = "0.65mm"; VariantName = "[No Variations]"
Add component (AddParameter): Name = "Ipc Land Pattern Name"; Value = "RESC200125X55"; VariantName = "[No Variations]"
Add component (AddParameter): Name = "Lead Free"; Value = "Yes"; VariantName = "[No Variations]"
Add component (AddParameter): Name = "Manufacturer"; Value = "TE Connectivity"; VariantName = "[No Variations]"
Add component (AddParameter): Name = "Manufacturer Part Number"; Value = "RN73C2A4K7BTDF"; VariantName = "[No Variations]"
Add component (AddParameter): Name = "Octopart"; Value = "https://octopart.com/rn73c2a4k7btdf-te+connectivity-22737749"; VariantName = "[No Variations]"
Add component (AddParameter): Name = "octopart_url"; Value = "https://octopart.com/rn73c2a4k7btdf-te+connectivity-22737749"; VariantName = "[No Variations]"
Add component (AddParameter): Name = "Package"; Value = "RN732A"; VariantName = "[No Variations]"
Add component (AddParameter): Name = "packaging"; Value = "1000 Reel"; VariantName = "[No Variations]"
Add component (AddParameter): Name = "Power Rating"; Value = "0.1W"; VariantName = "[No Variations]"
Add component (AddParameter): Name = "Resistance"; Value = "4.7KO"; VariantName = "[No Variations]"
Add component (AddParameter): Name = "RoHS"; Value = "TRUE"; VariantName = "[No Variations]"
Add component (AddParameter): Name = "Series"; Value = "RN73"; VariantName = "[No Variations]"
Add component (AddParameter): Name = "Temperature"; Value = "-55°C to 155°C"; VariantName = "[No Variations]"
Add component (AddParameter): Name = "Temperature Coefficient"; Value = "10ppm/°C"; VariantName = "[No Variations]"
Add component (AddParameter): Name = "Temperature Range High"; Value = "155°C"; VariantName = "[No Variations]"
Add component (AddParameter): Name = "Temperature Range Low"; Value = "-55°C"; VariantName = "[No Variations]"
Add component (AddParameter): Name = "Tolerance"; Value = "0.1%"; VariantName = "[No Variations]"
Add component (AddParameter): Name = "Value"; Value = "4.7KO"; VariantName = "[No Variations]"
Add component (AddParameter): Name = "Voltage Rating"; Value = "100V"; VariantName = "[No Variations]"
Added Component: Designator=R16(RESC2013X60X35ML10T20)
Add component (AddParameter): Name = "Case Code (Imperial)"; Value = "0805"; VariantName = "[No Variations]"
Add component (AddParameter): Name = "Case Code (Metric)"; Value = "2012"; VariantName = "[No Variations]"
Add component (AddParameter): Name = "Case/Package"; Value = "0805"; VariantName = "[No Variations]"
Add component (AddParameter): Name = "Composition"; Value = "ThickFilm"; VariantName = "[No Variations]"
Add component (AddParameter): Name = "Contact Plating"; Value = "Tin"; VariantName = "[No Variations]"
Add component (AddParameter): Name = "Datasheet URL"; Value = "http://www.yageo.com/NewPortal/yageodocoutput?fileName=/pdf/R-Chip/PYu-RC_Group_51_RoHS_L_5.pdf"; VariantName = "[No Variations]"
Add component (AddParameter): Name = "Datasheet Version"; Value = "Rev. 5, 10/2016"; VariantName = "[No Variations]"
Add component (AddParameter): Name = "Depth"; Value = "1.25mm"; VariantName = "[No Variations]"
Add component (AddParameter): Name = "Height"; Value = "0.5mm"; VariantName = "[No Variations]"
Add component (AddParameter): Name = "Lead Free"; Value = "LeadFree"; VariantName = "[No Variations]"
Add component (AddParameter): Name = "Length"; Value = "2mm"; VariantName = "[No Variations]"
Add component (AddParameter): Name = "Manufacturer"; Value = "Yageo"; VariantName = "[No Variations]"
Add component (AddParameter): Name = "Manufacturer URL"; Value = "http://www.yageo.com/"; VariantName = "[No Variations]"
Add component (AddParameter): Name = "Max Operating Temperature"; Value = "155degC"; VariantName = "[No Variations]"
Add component (AddParameter): Name = "Military Standard"; Value = "Not"; VariantName = "[No Variations]"
Add component (AddParameter): Name = "Min Operating Temperature"; Value = "-55degC"; VariantName = "[No Variations]"
Add component (AddParameter): Name = "Number of Pins"; Value = "2"; VariantName = "[No Variations]"
Add component (AddParameter): Name = "Package Description"; Value = "2-Pin Surface Mounted Device, Body 2 x 1.25 mm"; VariantName = "[No Variations]"
Add component (AddParameter): Name = "Package Reference"; Value = "0805"; VariantName = "[No Variations]"
Add component (AddParameter): Name = "Packaging"; Value = "TapeandReel"; VariantName = "[No Variations]"
Add component (AddParameter): Name = "Power Rating"; Value = "125mW"; VariantName = "[No Variations]"
Add component (AddParameter): Name = "Radiation Hardening"; Value = "No"; VariantName = "[No Variations]"
Add component (AddParameter): Name = "REACH SVHC"; Value = "Unknown"; VariantName = "[No Variations]"
Add component (AddParameter): Name = "Resistance"; Value = "0mOhm"; VariantName = "[No Variations]"
Add component (AddParameter): Name = "RoHSCompliant"; Value = "true"; VariantName = "[No Variations]"
Add component (AddParameter): Name = "Temperature Coefficient"; Value = "200ppm/degreesC"; VariantName = "[No Variations]"
Add component (AddParameter): Name = "Termination"; Value = "SMD/SMT"; VariantName = "[No Variations]"
Add component (AddParameter): Name = "Tolerance"; Value = "5%"; VariantName = "[No Variations]"
Add component (AddParameter): Name = "Voltage Rating"; Value = "150V"; VariantName = "[No Variations]"
Add component (AddParameter): Name = "Voltage Rating (DC)"; Value = "150V"; VariantName = "[No Variations]"
Add component (AddParameter): Name = "Width"; Value = "1.25mm"; VariantName = "[No Variations]"
Added Component: Designator=R17(RESC1608X55X30NL15T15)
Add component (AddParameter): Name = "Manufacturer"; Value = "Panasonic"; VariantName = "[No Variations]"
Add component (AddParameter): Name = "Part Number"; Value = "ERJ-3RQFR68V"; VariantName = "[No Variations]"
Added Component: Designator=R18(FP-RMCF0603-IPC_A)
Add component (AddParameter): Name = "Case/Package"; Value = "0603"; VariantName = "[No Variations]"
Add component (AddParameter): Name = "Contact Plating"; Value = "Tin"; VariantName = "[No Variations]"
Add component (AddParameter): Name = "Features"; Value = "Automotive AEC-Q200"; VariantName = "[No Variations]"
Add component (AddParameter): Name = "Height"; Value = "0.022inch"; VariantName = "[No Variations]"
Add component (AddParameter): Name = "Length"; Value = "0.061inch"; VariantName = "[No Variations]"
Add component (AddParameter): Name = "Max Operating Temperature"; Value = "155°C"; VariantName = "[No Variations]"
Add component (AddParameter): Name = "Max Power Dissipation"; Value = "100mW"; VariantName = "[No Variations]"
Add component (AddParameter): Name = "Min Operating Temperature"; Value = "-55°C"; VariantName = "[No Variations]"
Add component (AddParameter): Name = "Mount"; Value = "Surface Mount"; VariantName = "[No Variations]"
Add component (AddParameter): Name = "Number of Terminations"; Value = "2"; VariantName = "[No Variations]"
Add component (AddParameter): Name = "Packaging"; Value = "Tape and Reel"; VariantName = "[No Variations]"
Add component (AddParameter): Name = "Radiation Hardening"; Value = "No"; VariantName = "[No Variations]"
Add component (AddParameter): Name = "Resistance"; Value = "22R"; VariantName = "[No Variations]"
Add component (AddParameter): Name = "Resistor Type"; Value = "Thick Film"; VariantName = "[No Variations]"
Add component (AddParameter): Name = "RoHS Compliant"; Value = "Yes"; VariantName = "[No Variations]"
Add component (AddParameter): Name = "Series"; Value = "RMCF"; VariantName = "[No Variations]"
Add component (AddParameter): Name = "Temperature Coefficient"; Value = "200ppm/°C"; VariantName = "[No Variations]"
Add component (AddParameter): Name = "Tolerance"; Value = "5%"; VariantName = "[No Variations]"
Add component (AddParameter): Name = "Width"; Value = "0.031inch"; VariantName = "[No Variations]"
Added Component: Designator=R19(FP-AC0603-IPC_A)
Added Component: Designator=R20(FP-RN732A-MFG)
Add component (AddParameter): Name = "Automotive"; Value = "No"; VariantName = "[No Variations]"
Add component (AddParameter): Name = "Category"; Value = "Res"; VariantName = "[No Variations]"
Add component (AddParameter): Name = "ComponentLink2Description"; Value = "Datasheet"; VariantName = "[No Variations]"
Add component (AddParameter): Name = "ComponentLink2URL"; Value = "https://www.te.com/commerce/DocumentDelivery/DDEController?Action=showdoc&DocId=Data+Sheet%7F1773270%7FP%7Fpdf%7FEnglish%7FENG_DS_1773270_P.pdf%7F1676162-2"; VariantName = "[No Variations]"
Add component (AddParameter): Name = "Composition"; Value = "Thin Film"; VariantName = "[No Variations]"
Add component (AddParameter): Name = "Device Class L1"; Value = "Passive Components"; VariantName = "[No Variations]"
Add component (AddParameter): Name = "Device Class L2"; Value = "Resistors"; VariantName = "[No Variations]"
Add component (AddParameter): Name = "Device Class L3"; Value = "Chip SMD Resistors"; VariantName = "[No Variations]"
Add component (AddParameter): Name = "Height"; Value = "0.65mm"; VariantName = "[No Variations]"
Add component (AddParameter): Name = "Ipc Land Pattern Name"; Value = "RESC200125X55"; VariantName = "[No Variations]"
Add component (AddParameter): Name = "Lead Free"; Value = "Yes"; VariantName = "[No Variations]"
Add component (AddParameter): Name = "Manufacturer"; Value = "TE Connectivity"; VariantName = "[No Variations]"
Add component (AddParameter): Name = "Manufacturer Part Number"; Value = "RN73C2A4K7BTDF"; VariantName = "[No Variations]"
Add component (AddParameter): Name = "Octopart"; Value = "https://octopart.com/rn73c2a4k7btdf-te+connectivity-22737749"; VariantName = "[No Variations]"
Add component (AddParameter): Name = "octopart_url"; Value = "https://octopart.com/rn73c2a4k7btdf-te+connectivity-22737749"; VariantName = "[No Variations]"
Add component (AddParameter): Name = "Package"; Value = "RN732A"; VariantName = "[No Variations]"
Add component (AddParameter): Name = "packaging"; Value = "1000 Reel"; VariantName = "[No Variations]"
Add component (AddParameter): Name = "Power Rating"; Value = "0.1W"; VariantName = "[No Variations]"
Add component (AddParameter): Name = "Resistance"; Value = "4.7KO"; VariantName = "[No Variations]"
Add component (AddParameter): Name = "RoHS"; Value = "TRUE"; VariantName = "[No Variations]"
Add component (AddParameter): Name = "Series"; Value = "RN73"; VariantName = "[No Variations]"
Add component (AddParameter): Name = "Temperature"; Value = "-55°C to 155°C"; VariantName = "[No Variations]"
Add component (AddParameter): Name = "Temperature Coefficient"; Value = "10ppm/°C"; VariantName = "[No Variations]"
Add component (AddParameter): Name = "Temperature Range High"; Value = "155°C"; VariantName = "[No Variations]"
Add component (AddParameter): Name = "Temperature Range Low"; Value = "-55°C"; VariantName = "[No Variations]"
Add component (AddParameter): Name = "Tolerance"; Value = "0.1%"; VariantName = "[No Variations]"
Add component (AddParameter): Name = "Value"; Value = "4.7KO"; VariantName = "[No Variations]"
Add component (AddParameter): Name = "Voltage Rating"; Value = "100V"; VariantName = "[No Variations]"
Added Component: Designator=R21(FP-AC0603-IPC_A)
Added Component: Designator=R22(FP-AC0603-IPC_A)
Added Component: Designator=R23(FP-AC0603-IPC_A)
Added Component: Designator=R24(FP-AC0603-IPC_A)
Added Component: Designator=R25(FP-AC0603-IPC_A)
Added Component: Designator=R26(FP-RT0603-MFG)
Add component (AddParameter): Name = "Automotive"; Value = "No"; VariantName = "[No Variations]"
Add component (AddParameter): Name = "Category"; Value = "Res"; VariantName = "[No Variations]"
Add component (AddParameter): Name = "ComponentLink2Description"; Value = "Datasheet"; VariantName = "[No Variations]"
Add component (AddParameter): Name = "ComponentLink2URL"; Value = "http://www.yageo.com/documents/recent/PYu-RT_1-to-0.01_RoHS_L_9.pdf"; VariantName = "[No Variations]"
Add component (AddParameter): Name = "Composition"; Value = "Thin Film"; VariantName = "[No Variations]"
Add component (AddParameter): Name = "Device Class L1"; Value = "Passive Components"; VariantName = "[No Variations]"
Add component (AddParameter): Name = "Device Class L2"; Value = "Resistors"; VariantName = "[No Variations]"
Add component (AddParameter): Name = "Device Class L3"; Value = "Chip SMD Resistors"; VariantName = "[No Variations]"
Add component (AddParameter): Name = "Digikey Description"; Value = "RES SMD 1.6K OHM 1% 1/10W 0603"; VariantName = "[No Variations]"
Add component (AddParameter): Name = "Footprint Url"; Value = "http://www.yageo.com/exep/pages/download/literatures/PYu-R_Mount_10.pdf"; VariantName = "[No Variations]"
Add component (AddParameter): Name = "Height"; Value = "0.55mm"; VariantName = "[No Variations]"
Add component (AddParameter): Name = "Ipc Land Pattern Name"; Value = "RESC16080X45"; VariantName = "[No Variations]"
Add component (AddParameter): Name = "Lead Free"; Value = "Yes"; VariantName = "[No Variations]"
Add component (AddParameter): Name = "Manufacturer"; Value = "Yageo"; VariantName = "[No Variations]"
Add component (AddParameter): Name = "Manufacturer Part Number"; Value = "RT0603FRE071K6L"; VariantName = "[No Variations]"
Add component (AddParameter): Name = "Mouser Description"; Value = "Res Thin Film 0603 1.6K Ohm 1% 1/10W ±50ppm/°C Molded SMD SMD Paper T/R"; VariantName = "[No Variations]"
Add component (AddParameter): Name = "Octopart"; Value = "https://octopart.com/rt0603fre071k6l-yageo-1421906"; VariantName = "[No Variations]"
Add component (AddParameter): Name = "Package"; Value = "RT0603"; VariantName = "[No Variations]"
Add component (AddParameter): Name = "Power Rating"; Value = "0.1W"; VariantName = "[No Variations]"
Add component (AddParameter): Name = "Resistance"; Value = "1.6KO"; VariantName = "[No Variations]"
Add component (AddParameter): Name = "RoHS"; Value = "TRUE"; VariantName = "[No Variations]"
Add component (AddParameter): Name = "Series"; Value = "RT"; VariantName = "[No Variations]"
Add component (AddParameter): Name = "Temperature"; Value = "-55°C to +155°C"; VariantName = "[No Variations]"
Add component (AddParameter): Name = "Temperature Coefficient"; Value = "50 ppm/°C"; VariantName = "[No Variations]"
Add component (AddParameter): Name = "Temperature Range High"; Value = "+155°C"; VariantName = "[No Variations]"
Add component (AddParameter): Name = "Temperature Range Low"; Value = "-55°C"; VariantName = "[No Variations]"
Add component (AddParameter): Name = "Tolerance"; Value = "0.01"; VariantName = "[No Variations]"
Add component (AddParameter): Name = "Value"; Value = "1.6KO"; VariantName = "[No Variations]"
Add component (AddParameter): Name = "Voltage Rating"; Value = "75V"; VariantName = "[No Variations]"
Added Component: Designator=R27(FP-AC0603-IPC_A)
Added Component: Designator=R28(FP-AC0603-IPC_A)
Added Component: Designator=R29(FP-AC0603-IPC_A)
Added Component: Designator=R30(RESC2013X60X35ML10T20)
Add component (AddParameter): Name = "Case Code (Imperial)"; Value = "0805"; VariantName = "[No Variations]"
Add component (AddParameter): Name = "Case Code (Metric)"; Value = "2012"; VariantName = "[No Variations]"
Add component (AddParameter): Name = "Case/Package"; Value = "0805"; VariantName = "[No Variations]"
Add component (AddParameter): Name = "Composition"; Value = "ThickFilm"; VariantName = "[No Variations]"
Add component (AddParameter): Name = "Contact Plating"; Value = "Tin"; VariantName = "[No Variations]"
Add component (AddParameter): Name = "Datasheet URL"; Value = "http://www.yageo.com/NewPortal/yageodocoutput?fileName=/pdf/R-Chip/PYu-RC_Group_51_RoHS_L_5.pdf"; VariantName = "[No Variations]"
Add component (AddParameter): Name = "Datasheet Version"; Value = "Rev. 5, 10/2016"; VariantName = "[No Variations]"
Add component (AddParameter): Name = "Depth"; Value = "1.25mm"; VariantName = "[No Variations]"
Add component (AddParameter): Name = "Height"; Value = "0.5mm"; VariantName = "[No Variations]"
Add component (AddParameter): Name = "Lead Free"; Value = "LeadFree"; VariantName = "[No Variations]"
Add component (AddParameter): Name = "Length"; Value = "2mm"; VariantName = "[No Variations]"
Add component (AddParameter): Name = "Manufacturer"; Value = "Yageo"; VariantName = "[No Variations]"
Add component (AddParameter): Name = "Manufacturer URL"; Value = "http://www.yageo.com/"; VariantName = "[No Variations]"
Add component (AddParameter): Name = "Max Operating Temperature"; Value = "155degC"; VariantName = "[No Variations]"
Add component (AddParameter): Name = "Military Standard"; Value = "Not"; VariantName = "[No Variations]"
Add component (AddParameter): Name = "Min Operating Temperature"; Value = "-55degC"; VariantName = "[No Variations]"
Add component (AddParameter): Name = "Number of Pins"; Value = "2"; VariantName = "[No Variations]"
Add component (AddParameter): Name = "Package Description"; Value = "2-Pin Surface Mounted Device, Body 2 x 1.25 mm"; VariantName = "[No Variations]"
Add component (AddParameter): Name = "Package Reference"; Value = "0805"; VariantName = "[No Variations]"
Add component (AddParameter): Name = "Packaging"; Value = "TapeandReel"; VariantName = "[No Variations]"
Add component (AddParameter): Name = "Power Rating"; Value = "125mW"; VariantName = "[No Variations]"
Add component (AddParameter): Name = "Radiation Hardening"; Value = "No"; VariantName = "[No Variations]"
Add component (AddParameter): Name = "REACH SVHC"; Value = "Unknown"; VariantName = "[No Variations]"
Add component (AddParameter): Name = "Resistance"; Value = "0mOhm"; VariantName = "[No Variations]"
Add component (AddParameter): Name = "RoHSCompliant"; Value = "true"; VariantName = "[No Variations]"
Add component (AddParameter): Name = "Temperature Coefficient"; Value = "200ppm/degreesC"; VariantName = "[No Variations]"
Add component (AddParameter): Name = "Termination"; Value = "SMD/SMT"; VariantName = "[No Variations]"
Add component (AddParameter): Name = "Tolerance"; Value = "5%"; VariantName = "[No Variations]"
Add component (AddParameter): Name = "Voltage Rating"; Value = "150V"; VariantName = "[No Variations]"
Add component (AddParameter): Name = "Voltage Rating (DC)"; Value = "150V"; VariantName = "[No Variations]"
Add component (AddParameter): Name = "Width"; Value = "1.25mm"; VariantName = "[No Variations]"
Added Component: Designator=R31(FP-AC0603-IPC_A)
Added Component: Designator=R32(FP-RMCF0805-MFG)
Add component (AddParameter): Name = "Case Code (Imperial)"; Value = "0805"; VariantName = "[No Variations]"
Add component (AddParameter): Name = "Case Code (Metric)"; Value = "2012"; VariantName = "[No Variations]"
Add component (AddParameter): Name = "Case/Package"; Value = "0805"; VariantName = "[No Variations]"
Add component (AddParameter): Name = "Contact Plating"; Value = "Tin"; VariantName = "[No Variations]"
Add component (AddParameter): Name = "Features"; Value = "Automotive AEC-Q200"; VariantName = "[No Variations]"
Add component (AddParameter): Name = "Height"; Value = "0.026inch"; VariantName = "[No Variations]"
Add component (AddParameter): Name = "Length"; Value = "0.079inch"; VariantName = "[No Variations]"
Add component (AddParameter): Name = "Max Operating Temperature"; Value = "155°C"; VariantName = "[No Variations]"
Add component (AddParameter): Name = "Max Power Dissipation"; Value = "125mW"; VariantName = "[No Variations]"
Add component (AddParameter): Name = "Min Operating Temperature"; Value = "-55°C"; VariantName = "[No Variations]"
Add component (AddParameter): Name = "Mount"; Value = "Surface Mount"; VariantName = "[No Variations]"
Add component (AddParameter): Name = "Number of Terminations"; Value = "2"; VariantName = "[No Variations]"
Add component (AddParameter): Name = "Packaging"; Value = "Tape and Reel"; VariantName = "[No Variations]"
Add component (AddParameter): Name = "Radiation Hardening"; Value = "No"; VariantName = "[No Variations]"
Add component (AddParameter): Name = "Resistance"; Value = "33R"; VariantName = "[No Variations]"
Add component (AddParameter): Name = "Resistor Type"; Value = "Thick Film"; VariantName = "[No Variations]"
Add component (AddParameter): Name = "RoHS Compliant"; Value = "Yes"; VariantName = "[No Variations]"
Add component (AddParameter): Name = "Series"; Value = "RMCF"; VariantName = "[No Variations]"
Add component (AddParameter): Name = "Temperature Coefficient"; Value = "100ppm/°C"; VariantName = "[No Variations]"
Add component (AddParameter): Name = "Tolerance"; Value = "1%"; VariantName = "[No Variations]"
Add component (AddParameter): Name = "Width"; Value = "0.049inch"; VariantName = "[No Variations]"
Added Component: Designator=R33(FP-RMCF0805-MFG)
Add component (AddParameter): Name = "Case Code (Imperial)"; Value = "0805"; VariantName = "[No Variations]"
Add component (AddParameter): Name = "Case Code (Metric)"; Value = "2012"; VariantName = "[No Variations]"
Add component (AddParameter): Name = "Case/Package"; Value = "0805"; VariantName = "[No Variations]"
Add component (AddParameter): Name = "Contact Plating"; Value = "Tin"; VariantName = "[No Variations]"
Add component (AddParameter): Name = "Features"; Value = "Automotive AEC-Q200"; VariantName = "[No Variations]"
Add component (AddParameter): Name = "Height"; Value = "0.026inch"; VariantName = "[No Variations]"
Add component (AddParameter): Name = "Length"; Value = "0.079inch"; VariantName = "[No Variations]"
Add component (AddParameter): Name = "Max Operating Temperature"; Value = "155°C"; VariantName = "[No Variations]"
Add component (AddParameter): Name = "Max Power Dissipation"; Value = "125mW"; VariantName = "[No Variations]"
Add component (AddParameter): Name = "Min Operating Temperature"; Value = "-55°C"; VariantName = "[No Variations]"
Add component (AddParameter): Name = "Mount"; Value = "Surface Mount"; VariantName = "[No Variations]"
Add component (AddParameter): Name = "Number of Terminations"; Value = "2"; VariantName = "[No Variations]"
Add component (AddParameter): Name = "Packaging"; Value = "Tape and Reel"; VariantName = "[No Variations]"
Add component (AddParameter): Name = "Radiation Hardening"; Value = "No"; VariantName = "[No Variations]"
Add component (AddParameter): Name = "Resistance"; Value = "33R"; VariantName = "[No Variations]"
Add component (AddParameter): Name = "Resistor Type"; Value = "Thick Film"; VariantName = "[No Variations]"
Add component (AddParameter): Name = "RoHS Compliant"; Value = "Yes"; VariantName = "[No Variations]"
Add component (AddParameter): Name = "Series"; Value = "RMCF"; VariantName = "[No Variations]"
Add component (AddParameter): Name = "Temperature Coefficient"; Value = "100ppm/°C"; VariantName = "[No Variations]"
Add component (AddParameter): Name = "Tolerance"; Value = "1%"; VariantName = "[No Variations]"
Add component (AddParameter): Name = "Width"; Value = "0.049inch"; VariantName = "[No Variations]"
Added Component: Designator=R34(FP-RMCF0805-MFG)
Add component (AddParameter): Name = "Case Code (Imperial)"; Value = "0805"; VariantName = "[No Variations]"
Add component (AddParameter): Name = "Case Code (Metric)"; Value = "2012"; VariantName = "[No Variations]"
Add component (AddParameter): Name = "Case/Package"; Value = "0805"; VariantName = "[No Variations]"
Add component (AddParameter): Name = "Contact Plating"; Value = "Tin"; VariantName = "[No Variations]"
Add component (AddParameter): Name = "Features"; Value = "Automotive AEC-Q200"; VariantName = "[No Variations]"
Add component (AddParameter): Name = "Height"; Value = "0.026inch"; VariantName = "[No Variations]"
Add component (AddParameter): Name = "Length"; Value = "0.079inch"; VariantName = "[No Variations]"
Add component (AddParameter): Name = "Max Operating Temperature"; Value = "155°C"; VariantName = "[No Variations]"
Add component (AddParameter): Name = "Max Power Dissipation"; Value = "125mW"; VariantName = "[No Variations]"
Add component (AddParameter): Name = "Min Operating Temperature"; Value = "-55°C"; VariantName = "[No Variations]"
Add component (AddParameter): Name = "Mount"; Value = "Surface Mount"; VariantName = "[No Variations]"
Add component (AddParameter): Name = "Number of Terminations"; Value = "2"; VariantName = "[No Variations]"
Add component (AddParameter): Name = "Packaging"; Value = "Tape and Reel"; VariantName = "[No Variations]"
Add component (AddParameter): Name = "Radiation Hardening"; Value = "No"; VariantName = "[No Variations]"
Add component (AddParameter): Name = "Resistance"; Value = "33R"; VariantName = "[No Variations]"
Add component (AddParameter): Name = "Resistor Type"; Value = "Thick Film"; VariantName = "[No Variations]"
Add component (AddParameter): Name = "RoHS Compliant"; Value = "Yes"; VariantName = "[No Variations]"
Add component (AddParameter): Name = "Series"; Value = "RMCF"; VariantName = "[No Variations]"
Add component (AddParameter): Name = "Temperature Coefficient"; Value = "100ppm/°C"; VariantName = "[No Variations]"
Add component (AddParameter): Name = "Tolerance"; Value = "1%"; VariantName = "[No Variations]"
Add component (AddParameter): Name = "Width"; Value = "0.049inch"; VariantName = "[No Variations]"
Added Component: Designator=R35(FP-RNCP0603-MFG)
Add component (AddParameter): Name = "Case Code (Imperial)"; Value = "0603"; VariantName = "[No Variations]"
Add component (AddParameter): Name = "Case Code (Metric)"; Value = "1608"; VariantName = "[No Variations]"
Add component (AddParameter): Name = "Case/Package"; Value = "0603"; VariantName = "[No Variations]"
Add component (AddParameter): Name = "Contact Plating"; Value = "Tin"; VariantName = "[No Variations]"
Add component (AddParameter): Name = "Features"; Value = "Moisture Resistant"; VariantName = "[No Variations]"
Add component (AddParameter): Name = "Height"; Value = "0.02inch"; VariantName = "[No Variations]"
Add component (AddParameter): Name = "Lead Free"; Value = "Lead Free"; VariantName = "[No Variations]"
Add component (AddParameter): Name = "Length"; Value = "0.059inch"; VariantName = "[No Variations]"
Add component (AddParameter): Name = "Max Operating Temperature"; Value = "155°C"; VariantName = "[No Variations]"
Add component (AddParameter): Name = "Max Power Dissipation"; Value = "125mW"; VariantName = "[No Variations]"
Add component (AddParameter): Name = "Min Operating Temperature"; Value = "-55°C"; VariantName = "[No Variations]"
Add component (AddParameter): Name = "Mount"; Value = "Surface Mount"; VariantName = "[No Variations]"
Add component (AddParameter): Name = "Number of Terminations"; Value = "2"; VariantName = "[No Variations]"
Add component (AddParameter): Name = "Packaging"; Value = "Tape and Reel"; VariantName = "[No Variations]"
Add component (AddParameter): Name = "Radiation Hardening"; Value = "No"; VariantName = "[No Variations]"
Add component (AddParameter): Name = "Resistance"; Value = "100R"; VariantName = "[No Variations]"
Add component (AddParameter): Name = "Resistor Type"; Value = "Thin Film"; VariantName = "[No Variations]"
Add component (AddParameter): Name = "RoHS Compliant"; Value = "Yes"; VariantName = "[No Variations]"
Add component (AddParameter): Name = "Series"; Value = "RNCP"; VariantName = "[No Variations]"
Add component (AddParameter): Name = "Temperature Coefficient"; Value = "100ppm/°C"; VariantName = "[No Variations]"
Add component (AddParameter): Name = "Tolerance"; Value = "1%"; VariantName = "[No Variations]"
Add component (AddParameter): Name = "Width"; Value = "0.031inch"; VariantName = "[No Variations]"
Added Component: Designator=R36(FP-RNCP0603-MFG)
Add component (AddParameter): Name = "Case Code (Imperial)"; Value = "0603"; VariantName = "[No Variations]"
Add component (AddParameter): Name = "Case Code (Metric)"; Value = "1608"; VariantName = "[No Variations]"
Add component (AddParameter): Name = "Case/Package"; Value = "0603"; VariantName = "[No Variations]"
Add component (AddParameter): Name = "Contact Plating"; Value = "Tin"; VariantName = "[No Variations]"
Add component (AddParameter): Name = "Features"; Value = "Moisture Resistant"; VariantName = "[No Variations]"
Add component (AddParameter): Name = "Height"; Value = "0.02inch"; VariantName = "[No Variations]"
Add component (AddParameter): Name = "Lead Free"; Value = "Lead Free"; VariantName = "[No Variations]"
Add component (AddParameter): Name = "Length"; Value = "0.059inch"; VariantName = "[No Variations]"
Add component (AddParameter): Name = "Max Operating Temperature"; Value = "155°C"; VariantName = "[No Variations]"
Add component (AddParameter): Name = "Max Power Dissipation"; Value = "125mW"; VariantName = "[No Variations]"
Add component (AddParameter): Name = "Min Operating Temperature"; Value = "-55°C"; VariantName = "[No Variations]"
Add component (AddParameter): Name = "Mount"; Value = "Surface Mount"; VariantName = "[No Variations]"
Add component (AddParameter): Name = "Number of Terminations"; Value = "2"; VariantName = "[No Variations]"
Add component (AddParameter): Name = "Packaging"; Value = "Tape and Reel"; VariantName = "[No Variations]"
Add component (AddParameter): Name = "Radiation Hardening"; Value = "No"; VariantName = "[No Variations]"
Add component (AddParameter): Name = "Resistance"; Value = "100R"; VariantName = "[No Variations]"
Add component (AddParameter): Name = "Resistor Type"; Value = "Thin Film"; VariantName = "[No Variations]"
Add component (AddParameter): Name = "RoHS Compliant"; Value = "Yes"; VariantName = "[No Variations]"
Add component (AddParameter): Name = "Series"; Value = "RNCP"; VariantName = "[No Variations]"
Add component (AddParameter): Name = "Temperature Coefficient"; Value = "100ppm/°C"; VariantName = "[No Variations]"
Add component (AddParameter): Name = "Tolerance"; Value = "1%"; VariantName = "[No Variations]"
Add component (AddParameter): Name = "Width"; Value = "0.031inch"; VariantName = "[No Variations]"
Added Component: Designator=R37(FP-RMCF0805-MFG)
Add component (AddParameter): Name = "Case Code (Imperial)"; Value = "0805"; VariantName = "[No Variations]"
Add component (AddParameter): Name = "Case Code (Metric)"; Value = "2012"; VariantName = "[No Variations]"
Add component (AddParameter): Name = "Case/Package"; Value = "0805"; VariantName = "[No Variations]"
Add component (AddParameter): Name = "Contact Plating"; Value = "Tin"; VariantName = "[No Variations]"
Add component (AddParameter): Name = "Features"; Value = "Automotive AEC-Q200"; VariantName = "[No Variations]"
Add component (AddParameter): Name = "Height"; Value = "0.026inch"; VariantName = "[No Variations]"
Add component (AddParameter): Name = "Length"; Value = "0.079inch"; VariantName = "[No Variations]"
Add component (AddParameter): Name = "Max Operating Temperature"; Value = "155°C"; VariantName = "[No Variations]"
Add component (AddParameter): Name = "Max Power Dissipation"; Value = "125mW"; VariantName = "[No Variations]"
Add component (AddParameter): Name = "Min Operating Temperature"; Value = "-55°C"; VariantName = "[No Variations]"
Add component (AddParameter): Name = "Mount"; Value = "Surface Mount"; VariantName = "[No Variations]"
Add component (AddParameter): Name = "Number of Terminations"; Value = "2"; VariantName = "[No Variations]"
Add component (AddParameter): Name = "Packaging"; Value = "Tape and Reel"; VariantName = "[No Variations]"
Add component (AddParameter): Name = "Radiation Hardening"; Value = "No"; VariantName = "[No Variations]"
Add component (AddParameter): Name = "Resistance"; Value = "33R"; VariantName = "[No Variations]"
Add component (AddParameter): Name = "Resistor Type"; Value = "Thick Film"; VariantName = "[No Variations]"
Add component (AddParameter): Name = "RoHS Compliant"; Value = "Yes"; VariantName = "[No Variations]"
Add component (AddParameter): Name = "Series"; Value = "RMCF"; VariantName = "[No Variations]"
Add component (AddParameter): Name = "Temperature Coefficient"; Value = "100ppm/°C"; VariantName = "[No Variations]"
Add component (AddParameter): Name = "Tolerance"; Value = "1%"; VariantName = "[No Variations]"
Add component (AddParameter): Name = "Width"; Value = "0.049inch"; VariantName = "[No Variations]"
Added Component: Designator=R38(FP-AC0603-IPC_A)
Added Component: Designator=R39(FP-RNCP0603-MFG)
Add component (AddParameter): Name = "Case Code (Imperial)"; Value = "0603"; VariantName = "[No Variations]"
Add component (AddParameter): Name = "Case Code (Metric)"; Value = "1608"; VariantName = "[No Variations]"
Add component (AddParameter): Name = "Case/Package"; Value = "0603"; VariantName = "[No Variations]"
Add component (AddParameter): Name = "Contact Plating"; Value = "Tin"; VariantName = "[No Variations]"
Add component (AddParameter): Name = "Features"; Value = "Moisture Resistant"; VariantName = "[No Variations]"
Add component (AddParameter): Name = "Height"; Value = "0.02inch"; VariantName = "[No Variations]"
Add component (AddParameter): Name = "Lead Free"; Value = "Lead Free"; VariantName = "[No Variations]"
Add component (AddParameter): Name = "Length"; Value = "0.059inch"; VariantName = "[No Variations]"
Add component (AddParameter): Name = "Max Operating Temperature"; Value = "155°C"; VariantName = "[No Variations]"
Add component (AddParameter): Name = "Max Power Dissipation"; Value = "125mW"; VariantName = "[No Variations]"
Add component (AddParameter): Name = "Min Operating Temperature"; Value = "-55°C"; VariantName = "[No Variations]"
Add component (AddParameter): Name = "Mount"; Value = "Surface Mount"; VariantName = "[No Variations]"
Add component (AddParameter): Name = "Number of Terminations"; Value = "2"; VariantName = "[No Variations]"
Add component (AddParameter): Name = "Packaging"; Value = "Tape and Reel"; VariantName = "[No Variations]"
Add component (AddParameter): Name = "Radiation Hardening"; Value = "No"; VariantName = "[No Variations]"
Add component (AddParameter): Name = "Resistance"; Value = "100R"; VariantName = "[No Variations]"
Add component (AddParameter): Name = "Resistor Type"; Value = "Thin Film"; VariantName = "[No Variations]"
Add component (AddParameter): Name = "RoHS Compliant"; Value = "Yes"; VariantName = "[No Variations]"
Add component (AddParameter): Name = "Series"; Value = "RNCP"; VariantName = "[No Variations]"
Add component (AddParameter): Name = "Temperature Coefficient"; Value = "100ppm/°C"; VariantName = "[No Variations]"
Add component (AddParameter): Name = "Tolerance"; Value = "1%"; VariantName = "[No Variations]"
Add component (AddParameter): Name = "Width"; Value = "0.031inch"; VariantName = "[No Variations]"
Added Component: Designator=R40(FP-RMCF0805-IPC_C)
Add component (AddParameter): Name = "Case Code (Imperial)"; Value = "0805"; VariantName = "[No Variations]"
Add component (AddParameter): Name = "Case Code (Metric)"; Value = "2012"; VariantName = "[No Variations]"
Add component (AddParameter): Name = "Case/Package"; Value = "0805"; VariantName = "[No Variations]"
Add component (AddParameter): Name = "Construction"; Value = "Rectangular"; VariantName = "[No Variations]"
Add component (AddParameter): Name = "Contact Plating"; Value = "Tin"; VariantName = "[No Variations]"
Add component (AddParameter): Name = "Depth"; Value = "1.25mm"; VariantName = "[No Variations]"
Add component (AddParameter): Name = "Features"; Value = "Automotive AEC-Q200"; VariantName = "[No Variations]"
Add component (AddParameter): Name = "Height"; Value = "0.026inch"; VariantName = "[No Variations]"
Add component (AddParameter): Name = "Lead Free"; Value = "Lead Free"; VariantName = "[No Variations]"
Add component (AddParameter): Name = "Length"; Value = "2mm"; VariantName = "[No Variations]"
Add component (AddParameter): Name = "Max Operating Temperature"; Value = "155°C"; VariantName = "[No Variations]"
Add component (AddParameter): Name = "Max Power Dissipation"; Value = "125mW"; VariantName = "[No Variations]"
Add component (AddParameter): Name = "Military Standard"; Value = "Not"; VariantName = "[No Variations]"
Add component (AddParameter): Name = "Min Operating Temperature"; Value = "-55°C"; VariantName = "[No Variations]"
Add component (AddParameter): Name = "Mount"; Value = "Surface Mount"; VariantName = "[No Variations]"
Add component (AddParameter): Name = "Number of Terminations"; Value = "2"; VariantName = "[No Variations]"
Add component (AddParameter): Name = "Packaging"; Value = "Tape and Reel"; VariantName = "[No Variations]"
Add component (AddParameter): Name = "Radiation Hardening"; Value = "No"; VariantName = "[No Variations]"
Add component (AddParameter): Name = "Resistance"; Value = "1MR"; VariantName = "[No Variations]"
Add component (AddParameter): Name = "Resistor Type"; Value = "Thick Film"; VariantName = "[No Variations]"
Add component (AddParameter): Name = "RoHS Compliant"; Value = "Yes"; VariantName = "[No Variations]"
Add component (AddParameter): Name = "Series"; Value = "RMCF"; VariantName = "[No Variations]"
Add component (AddParameter): Name = "Temperature Coefficient"; Value = "200ppm/°C"; VariantName = "[No Variations]"
Add component (AddParameter): Name = "Tolerance"; Value = "5%"; VariantName = "[No Variations]"
Add component (AddParameter): Name = "Width"; Value = "0.049inch"; VariantName = "[No Variations]"
Added Component: Designator=SW1(430182043816)
Add component (AddParameter): Name = "Actuator Length"; Value = "900µm"; VariantName = "[No Variations]"
Add component (AddParameter): Name = "Actuator Material"; Value = "Liquid Crystal Polymer, Polymer"; VariantName = "[No Variations]"
Add component (AddParameter): Name = "Color"; Value = "Black"; VariantName = "[No Variations]"
Add component (AddParameter): Name = "Contact Current Rating"; Value = "50mA"; VariantName = "[No Variations]"
Add component (AddParameter): Name = "Contact Material"; Value = "Stainless Steel, Steel"; VariantName = "[No Variations]"
Add component (AddParameter): Name = "Contact Plating"; Value = "Silver"; VariantName = "[No Variations]"
Add component (AddParameter): Name = "Contact Resistance"; Value = "100mO"; VariantName = "[No Variations]"
Add component (AddParameter): Name = "Current Rating"; Value = "50mA"; VariantName = "[No Variations]"
Add component (AddParameter): Name = "Diameter"; Value = "3.5mm"; VariantName = "[No Variations]"
Add component (AddParameter): Name = "Height"; Value = "4.3mm"; VariantName = "[No Variations]"
Add component (AddParameter): Name = "Illumination Type"; Value = "Illuminated, Non-Illuminated"; VariantName = "[No Variations]"
Add component (AddParameter): Name = "Insulation Resistance"; Value = "100MO"; VariantName = "[No Variations]"
Add component (AddParameter): Name = "Lead Free"; Value = "Lead Free"; VariantName = "[No Variations]"
Add component (AddParameter): Name = "Length"; Value = "6.2mm"; VariantName = "[No Variations]"
Add component (AddParameter): Name = "Max Operating Temperature"; Value = "85°C"; VariantName = "[No Variations]"
Add component (AddParameter): Name = "Mechanical Life"; Value = "1Mcycles"; VariantName = "[No Variations]"
Add component (AddParameter): Name = "Min Operating Temperature"; Value = "-40°C"; VariantName = "[No Variations]"
Add component (AddParameter): Name = "Mount"; Value = "Surface Mount"; VariantName = "[No Variations]"
Add component (AddParameter): Name = "Packaging"; Value = "Tape and Reel"; VariantName = "[No Variations]"
Add component (AddParameter): Name = "REACH SVHC"; Value = "No"; VariantName = "[No Variations]"
Add component (AddParameter): Name = "RoHS"; Value = "Compliant"; VariantName = "[No Variations]"
Add component (AddParameter): Name = "Switch Function"; Value = "Off-Mom"; VariantName = "[No Variations]"
Add component (AddParameter): Name = "Switch Travel"; Value = "250µm"; VariantName = "[No Variations]"
Add component (AddParameter): Name = "Termination"; Value = "Gull Wing"; VariantName = "[No Variations]"
Add component (AddParameter): Name = "Throw Configuration"; Value = "SPST"; VariantName = "[No Variations]"
Add component (AddParameter): Name = "Voltage Rating"; Value = "12V"; VariantName = "[No Variations]"
Add component (AddParameter): Name = "Width"; Value = "6.2mm"; VariantName = "[No Variations]"
Added Component: Designator=SW2(430182043816)
Add component (AddParameter): Name = "Actuator Length"; Value = "900µm"; VariantName = "[No Variations]"
Add component (AddParameter): Name = "Actuator Material"; Value = "Liquid Crystal Polymer, Polymer"; VariantName = "[No Variations]"
Add component (AddParameter): Name = "Color"; Value = "Black"; VariantName = "[No Variations]"
Add component (AddParameter): Name = "Contact Current Rating"; Value = "50mA"; VariantName = "[No Variations]"
Add component (AddParameter): Name = "Contact Material"; Value = "Stainless Steel, Steel"; VariantName = "[No Variations]"
Add component (AddParameter): Name = "Contact Plating"; Value = "Silver"; VariantName = "[No Variations]"
Add component (AddParameter): Name = "Contact Resistance"; Value = "100mO"; VariantName = "[No Variations]"
Add component (AddParameter): Name = "Current Rating"; Value = "50mA"; VariantName = "[No Variations]"
Add component (AddParameter): Name = "Diameter"; Value = "3.5mm"; VariantName = "[No Variations]"
Add component (AddParameter): Name = "Height"; Value = "4.3mm"; VariantName = "[No Variations]"
Add component (AddParameter): Name = "Illumination Type"; Value = "Illuminated, Non-Illuminated"; VariantName = "[No Variations]"
Add component (AddParameter): Name = "Insulation Resistance"; Value = "100MO"; VariantName = "[No Variations]"
Add component (AddParameter): Name = "Lead Free"; Value = "Lead Free"; VariantName = "[No Variations]"
Add component (AddParameter): Name = "Length"; Value = "6.2mm"; VariantName = "[No Variations]"
Add component (AddParameter): Name = "Max Operating Temperature"; Value = "85°C"; VariantName = "[No Variations]"
Add component (AddParameter): Name = "Mechanical Life"; Value = "1Mcycles"; VariantName = "[No Variations]"
Add component (AddParameter): Name = "Min Operating Temperature"; Value = "-40°C"; VariantName = "[No Variations]"
Add component (AddParameter): Name = "Mount"; Value = "Surface Mount"; VariantName = "[No Variations]"
Add component (AddParameter): Name = "Packaging"; Value = "Tape and Reel"; VariantName = "[No Variations]"
Add component (AddParameter): Name = "REACH SVHC"; Value = "No"; VariantName = "[No Variations]"
Add component (AddParameter): Name = "RoHS"; Value = "Compliant"; VariantName = "[No Variations]"
Add component (AddParameter): Name = "Switch Function"; Value = "Off-Mom"; VariantName = "[No Variations]"
Add component (AddParameter): Name = "Switch Travel"; Value = "250µm"; VariantName = "[No Variations]"
Add component (AddParameter): Name = "Termination"; Value = "Gull Wing"; VariantName = "[No Variations]"
Add component (AddParameter): Name = "Throw Configuration"; Value = "SPST"; VariantName = "[No Variations]"
Add component (AddParameter): Name = "Voltage Rating"; Value = "12V"; VariantName = "[No Variations]"
Add component (AddParameter): Name = "Width"; Value = "6.2mm"; VariantName = "[No Variations]"
Added Component: Designator=TP1(S175146R)
Add component (AddParameter): Name = "Arrow Part Number"; Value = ""; VariantName = "[No Variations]"
Add component (AddParameter): Name = "Arrow Price/Stock"; Value = ""; VariantName = "[No Variations]"
Add component (AddParameter): Name = "Datasheet Link"; Value = "https://content.harwin.com/m/c5b84e6a45e9b9f6/original/DRG-02202-Technical-Drawing-Datasheet-S1751R-pdf.pdf"; VariantName = "[No Variations]"
Add component (AddParameter): Name = "Height"; Value = "2mm"; VariantName = "[No Variations]"
Add component (AddParameter): Name = "Manufacturer_Name"; Value = "Harwin"; VariantName = "[No Variations]"
Add component (AddParameter): Name = "Manufacturer_Part_Number"; Value = "S1751-46R"; VariantName = "[No Variations]"
Add component (AddParameter): Name = "Mouser Part Number"; Value = "855-S1751-46R"; VariantName = "[No Variations]"
Add component (AddParameter): Name = "Mouser Price/Stock"; Value = "https://www.mouser.co.uk/ProductDetail/Harwin/S1751-46R?qs=l6ZPVqNVZb71wETAKrfRig%3D%3D"; VariantName = "[No Variations]"
Added Component: Designator=TP2(S175146R)
Add component (AddParameter): Name = "Arrow Part Number"; Value = ""; VariantName = "[No Variations]"
Add component (AddParameter): Name = "Arrow Price/Stock"; Value = ""; VariantName = "[No Variations]"
Add component (AddParameter): Name = "Datasheet Link"; Value = "https://content.harwin.com/m/c5b84e6a45e9b9f6/original/DRG-02202-Technical-Drawing-Datasheet-S1751R-pdf.pdf"; VariantName = "[No Variations]"
Add component (AddParameter): Name = "Height"; Value = "2mm"; VariantName = "[No Variations]"
Add component (AddParameter): Name = "Manufacturer_Name"; Value = "Harwin"; VariantName = "[No Variations]"
Add component (AddParameter): Name = "Manufacturer_Part_Number"; Value = "S1751-46R"; VariantName = "[No Variations]"
Add component (AddParameter): Name = "Mouser Part Number"; Value = "855-S1751-46R"; VariantName = "[No Variations]"
Add component (AddParameter): Name = "Mouser Price/Stock"; Value = "https://www.mouser.co.uk/ProductDetail/Harwin/S1751-46R?qs=l6ZPVqNVZb71wETAKrfRig%3D%3D"; VariantName = "[No Variations]"
Added Component: Designator=TP3(S175146R)
Add component (AddParameter): Name = "Arrow Part Number"; Value = ""; VariantName = "[No Variations]"
Add component (AddParameter): Name = "Arrow Price/Stock"; Value = ""; VariantName = "[No Variations]"
Add component (AddParameter): Name = "Datasheet Link"; Value = "https://content.harwin.com/m/c5b84e6a45e9b9f6/original/DRG-02202-Technical-Drawing-Datasheet-S1751R-pdf.pdf"; VariantName = "[No Variations]"
Add component (AddParameter): Name = "Height"; Value = "2mm"; VariantName = "[No Variations]"
Add component (AddParameter): Name = "Manufacturer_Name"; Value = "Harwin"; VariantName = "[No Variations]"
Add component (AddParameter): Name = "Manufacturer_Part_Number"; Value = "S1751-46R"; VariantName = "[No Variations]"
Add component (AddParameter): Name = "Mouser Part Number"; Value = "855-S1751-46R"; VariantName = "[No Variations]"
Add component (AddParameter): Name = "Mouser Price/Stock"; Value = "https://www.mouser.co.uk/ProductDetail/Harwin/S1751-46R?qs=l6ZPVqNVZb71wETAKrfRig%3D%3D"; VariantName = "[No Variations]"
Added Component: Designator=TP4(S175146R)
Add component (AddParameter): Name = "Arrow Part Number"; Value = ""; VariantName = "[No Variations]"
Add component (AddParameter): Name = "Arrow Price/Stock"; Value = ""; VariantName = "[No Variations]"
Add component (AddParameter): Name = "Datasheet Link"; Value = "https://content.harwin.com/m/c5b84e6a45e9b9f6/original/DRG-02202-Technical-Drawing-Datasheet-S1751R-pdf.pdf"; VariantName = "[No Variations]"
Add component (AddParameter): Name = "Height"; Value = "2mm"; VariantName = "[No Variations]"
Add component (AddParameter): Name = "Manufacturer_Name"; Value = "Harwin"; VariantName = "[No Variations]"
Add component (AddParameter): Name = "Manufacturer_Part_Number"; Value = "S1751-46R"; VariantName = "[No Variations]"
Add component (AddParameter): Name = "Mouser Part Number"; Value = "855-S1751-46R"; VariantName = "[No Variations]"
Add component (AddParameter): Name = "Mouser Price/Stock"; Value = "https://www.mouser.co.uk/ProductDetail/Harwin/S1751-46R?qs=l6ZPVqNVZb71wETAKrfRig%3D%3D"; VariantName = "[No Variations]"
Added Component: Designator=TP5(S175146R)
Add component (AddParameter): Name = "Arrow Part Number"; Value = ""; VariantName = "[No Variations]"
Add component (AddParameter): Name = "Arrow Price/Stock"; Value = ""; VariantName = "[No Variations]"
Add component (AddParameter): Name = "Datasheet Link"; Value = "https://content.harwin.com/m/c5b84e6a45e9b9f6/original/DRG-02202-Technical-Drawing-Datasheet-S1751R-pdf.pdf"; VariantName = "[No Variations]"
Add component (AddParameter): Name = "Height"; Value = "2mm"; VariantName = "[No Variations]"
Add component (AddParameter): Name = "Manufacturer_Name"; Value = "Harwin"; VariantName = "[No Variations]"
Add component (AddParameter): Name = "Manufacturer_Part_Number"; Value = "S1751-46R"; VariantName = "[No Variations]"
Add component (AddParameter): Name = "Mouser Part Number"; Value = "855-S1751-46R"; VariantName = "[No Variations]"
Add component (AddParameter): Name = "Mouser Price/Stock"; Value = "https://www.mouser.co.uk/ProductDetail/Harwin/S1751-46R?qs=l6ZPVqNVZb71wETAKrfRig%3D%3D"; VariantName = "[No Variations]"
Added Component: Designator=TP6(S175146R)
Add component (AddParameter): Name = "Arrow Part Number"; Value = ""; VariantName = "[No Variations]"
Add component (AddParameter): Name = "Arrow Price/Stock"; Value = ""; VariantName = "[No Variations]"
Add component (AddParameter): Name = "Datasheet Link"; Value = "https://content.harwin.com/m/c5b84e6a45e9b9f6/original/DRG-02202-Technical-Drawing-Datasheet-S1751R-pdf.pdf"; VariantName = "[No Variations]"
Add component (AddParameter): Name = "Height"; Value = "2mm"; VariantName = "[No Variations]"
Add component (AddParameter): Name = "Manufacturer_Name"; Value = "Harwin"; VariantName = "[No Variations]"
Add component (AddParameter): Name = "Manufacturer_Part_Number"; Value = "S1751-46R"; VariantName = "[No Variations]"
Add component (AddParameter): Name = "Mouser Part Number"; Value = "855-S1751-46R"; VariantName = "[No Variations]"
Add component (AddParameter): Name = "Mouser Price/Stock"; Value = "https://www.mouser.co.uk/ProductDetail/Harwin/S1751-46R?qs=l6ZPVqNVZb71wETAKrfRig%3D%3D"; VariantName = "[No Variations]"
Added Component: Designator=TP7(TP06R)
Add component (AddParameter): Name = "Case/Package"; Value = ""; VariantName = "[No Variations]"
Add component (AddParameter): Name = "Max Operating Temperature"; Value = ""; VariantName = "[No Variations]"
Add component (AddParameter): Name = "Min Operating Temperature"; Value = ""; VariantName = "[No Variations]"
Add component (AddParameter): Name = "Mounting Technology"; Value = ""; VariantName = "[No Variations]"
Add component (AddParameter): Name = "Pins"; Value = "1"; VariantName = "[No Variations]"
Add component (AddParameter): Name = "RoHS Compliant"; Value = ""; VariantName = "[No Variations]"
Added Component: Designator=TP8(TP06R)
Add component (AddParameter): Name = "Case/Package"; Value = ""; VariantName = "[No Variations]"
Add component (AddParameter): Name = "Max Operating Temperature"; Value = ""; VariantName = "[No Variations]"
Add component (AddParameter): Name = "Min Operating Temperature"; Value = ""; VariantName = "[No Variations]"
Add component (AddParameter): Name = "Mounting Technology"; Value = ""; VariantName = "[No Variations]"
Add component (AddParameter): Name = "Pins"; Value = "1"; VariantName = "[No Variations]"
Add component (AddParameter): Name = "RoHS Compliant"; Value = ""; VariantName = "[No Variations]"
Added Component: Designator=TP9(S175146R)
Add component (AddParameter): Name = "Arrow Part Number"; Value = ""; VariantName = "[No Variations]"
Add component (AddParameter): Name = "Arrow Price/Stock"; Value = ""; VariantName = "[No Variations]"
Add component (AddParameter): Name = "Datasheet Link"; Value = "https://content.harwin.com/m/c5b84e6a45e9b9f6/original/DRG-02202-Technical-Drawing-Datasheet-S1751R-pdf.pdf"; VariantName = "[No Variations]"
Add component (AddParameter): Name = "Height"; Value = "2mm"; VariantName = "[No Variations]"
Add component (AddParameter): Name = "Manufacturer_Name"; Value = "Harwin"; VariantName = "[No Variations]"
Add component (AddParameter): Name = "Manufacturer_Part_Number"; Value = "S1751-46R"; VariantName = "[No Variations]"
Add component (AddParameter): Name = "Mouser Part Number"; Value = "855-S1751-46R"; VariantName = "[No Variations]"
Add component (AddParameter): Name = "Mouser Price/Stock"; Value = "https://www.mouser.co.uk/ProductDetail/Harwin/S1751-46R?qs=l6ZPVqNVZb71wETAKrfRig%3D%3D"; VariantName = "[No Variations]"
Added Component: Designator=TP10(TP06R)
Add component (AddParameter): Name = "Case/Package"; Value = ""; VariantName = "[No Variations]"
Add component (AddParameter): Name = "Max Operating Temperature"; Value = ""; VariantName = "[No Variations]"
Add component (AddParameter): Name = "Min Operating Temperature"; Value = ""; VariantName = "[No Variations]"
Add component (AddParameter): Name = "Mounting Technology"; Value = ""; VariantName = "[No Variations]"
Add component (AddParameter): Name = "Pins"; Value = "1"; VariantName = "[No Variations]"
Add component (AddParameter): Name = "RoHS Compliant"; Value = ""; VariantName = "[No Variations]"
Added Component: Designator=TP11(S175146R)
Add component (AddParameter): Name = "Arrow Part Number"; Value = ""; VariantName = "[No Variations]"
Add component (AddParameter): Name = "Arrow Price/Stock"; Value = ""; VariantName = "[No Variations]"
Add component (AddParameter): Name = "Datasheet Link"; Value = "https://content.harwin.com/m/c5b84e6a45e9b9f6/original/DRG-02202-Technical-Drawing-Datasheet-S1751R-pdf.pdf"; VariantName = "[No Variations]"
Add component (AddParameter): Name = "Height"; Value = "2mm"; VariantName = "[No Variations]"
Add component (AddParameter): Name = "Manufacturer_Name"; Value = "Harwin"; VariantName = "[No Variations]"
Add component (AddParameter): Name = "Manufacturer_Part_Number"; Value = "S1751-46R"; VariantName = "[No Variations]"
Add component (AddParameter): Name = "Mouser Part Number"; Value = "855-S1751-46R"; VariantName = "[No Variations]"
Add component (AddParameter): Name = "Mouser Price/Stock"; Value = "https://www.mouser.co.uk/ProductDetail/Harwin/S1751-46R?qs=l6ZPVqNVZb71wETAKrfRig%3D%3D"; VariantName = "[No Variations]"
Added Component: Designator=TP12(TP06R)
Add component (AddParameter): Name = "Case/Package"; Value = ""; VariantName = "[No Variations]"
Add component (AddParameter): Name = "Max Operating Temperature"; Value = ""; VariantName = "[No Variations]"
Add component (AddParameter): Name = "Min Operating Temperature"; Value = ""; VariantName = "[No Variations]"
Add component (AddParameter): Name = "Mounting Technology"; Value = ""; VariantName = "[No Variations]"
Add component (AddParameter): Name = "Pins"; Value = "1"; VariantName = "[No Variations]"
Add component (AddParameter): Name = "RoHS Compliant"; Value = ""; VariantName = "[No Variations]"
Added Component: Designator=TP13(TP06R)
Add component (AddParameter): Name = "Case/Package"; Value = ""; VariantName = "[No Variations]"
Add component (AddParameter): Name = "Max Operating Temperature"; Value = ""; VariantName = "[No Variations]"
Add component (AddParameter): Name = "Min Operating Temperature"; Value = ""; VariantName = "[No Variations]"
Add component (AddParameter): Name = "Mounting Technology"; Value = ""; VariantName = "[No Variations]"
Add component (AddParameter): Name = "Pins"; Value = "1"; VariantName = "[No Variations]"
Add component (AddParameter): Name = "RoHS Compliant"; Value = ""; VariantName = "[No Variations]"
Added Component: Designator=TP14(S175146R)
Add component (AddParameter): Name = "Arrow Part Number"; Value = ""; VariantName = "[No Variations]"
Add component (AddParameter): Name = "Arrow Price/Stock"; Value = ""; VariantName = "[No Variations]"
Add component (AddParameter): Name = "Datasheet Link"; Value = "https://content.harwin.com/m/c5b84e6a45e9b9f6/original/DRG-02202-Technical-Drawing-Datasheet-S1751R-pdf.pdf"; VariantName = "[No Variations]"
Add component (AddParameter): Name = "Height"; Value = "2mm"; VariantName = "[No Variations]"
Add component (AddParameter): Name = "Manufacturer_Name"; Value = "Harwin"; VariantName = "[No Variations]"
Add component (AddParameter): Name = "Manufacturer_Part_Number"; Value = "S1751-46R"; VariantName = "[No Variations]"
Add component (AddParameter): Name = "Mouser Part Number"; Value = "855-S1751-46R"; VariantName = "[No Variations]"
Add component (AddParameter): Name = "Mouser Price/Stock"; Value = "https://www.mouser.co.uk/ProductDetail/Harwin/S1751-46R?qs=l6ZPVqNVZb71wETAKrfRig%3D%3D"; VariantName = "[No Variations]"
Added Component: Designator=TP15(TP06R)
Add component (AddParameter): Name = "Case/Package"; Value = ""; VariantName = "[No Variations]"
Add component (AddParameter): Name = "Max Operating Temperature"; Value = ""; VariantName = "[No Variations]"
Add component (AddParameter): Name = "Min Operating Temperature"; Value = ""; VariantName = "[No Variations]"
Add component (AddParameter): Name = "Mounting Technology"; Value = ""; VariantName = "[No Variations]"
Add component (AddParameter): Name = "Pins"; Value = "1"; VariantName = "[No Variations]"
Add component (AddParameter): Name = "RoHS Compliant"; Value = ""; VariantName = "[No Variations]"
Added Component: Designator=TP16(S175146R)
Add component (AddParameter): Name = "Arrow Part Number"; Value = ""; VariantName = "[No Variations]"
Add component (AddParameter): Name = "Arrow Price/Stock"; Value = ""; VariantName = "[No Variations]"
Add component (AddParameter): Name = "Datasheet Link"; Value = "https://content.harwin.com/m/c5b84e6a45e9b9f6/original/DRG-02202-Technical-Drawing-Datasheet-S1751R-pdf.pdf"; VariantName = "[No Variations]"
Add component (AddParameter): Name = "Height"; Value = "2mm"; VariantName = "[No Variations]"
Add component (AddParameter): Name = "Manufacturer_Name"; Value = "Harwin"; VariantName = "[No Variations]"
Add component (AddParameter): Name = "Manufacturer_Part_Number"; Value = "S1751-46R"; VariantName = "[No Variations]"
Add component (AddParameter): Name = "Mouser Part Number"; Value = "855-S1751-46R"; VariantName = "[No Variations]"
Add component (AddParameter): Name = "Mouser Price/Stock"; Value = "https://www.mouser.co.uk/ProductDetail/Harwin/S1751-46R?qs=l6ZPVqNVZb71wETAKrfRig%3D%3D"; VariantName = "[No Variations]"
Added Component: Designator=TP17(TP06R)
Add component (AddParameter): Name = "Case/Package"; Value = ""; VariantName = "[No Variations]"
Add component (AddParameter): Name = "Max Operating Temperature"; Value = ""; VariantName = "[No Variations]"
Add component (AddParameter): Name = "Min Operating Temperature"; Value = ""; VariantName = "[No Variations]"
Add component (AddParameter): Name = "Mounting Technology"; Value = ""; VariantName = "[No Variations]"
Add component (AddParameter): Name = "Pins"; Value = "1"; VariantName = "[No Variations]"
Add component (AddParameter): Name = "RoHS Compliant"; Value = ""; VariantName = "[No Variations]"
Added Component: Designator=U1(FP-DSG0008A-IPC_A)
Add component (AddParameter): Name = "Accuracy"; Value = "7.5%"; VariantName = "[No Variations]"
Add component (AddParameter): Name = "Max Operating Temperature"; Value = "125°C"; VariantName = "[No Variations]"
Add component (AddParameter): Name = "Min Operating Temperature"; Value = "-40°C"; VariantName = "[No Variations]"
Add component (AddParameter): Name = "Mount"; Value = "Surface Mount"; VariantName = "[No Variations]"
Add component (AddParameter): Name = "Number of Channels"; Value = "1"; VariantName = "[No Variations]"
Add component (AddParameter): Name = "Output Current"; Value = "4A"; VariantName = "[No Variations]"
Add component (AddParameter): Name = "Packaging"; Value = "Cut Tape"; VariantName = "[No Variations]"
Add component (AddParameter): Name = "RoHS Compliant"; Value = "Yes"; VariantName = "[No Variations]"
Added Component: Designator=U2(DFN8(3x3)-P050_N)
Add component (AddParameter): Name = "ComponentLink1Description"; Value = "Manufacturer URL"; VariantName = "[No Variations]"
Add component (AddParameter): Name = "ComponentLink1URL"; Value = "http://www.st.com"; VariantName = "[No Variations]"
Add component (AddParameter): Name = "ComponentLink2Description"; Value = "Datasheet"; VariantName = "[No Variations]"
Add component (AddParameter): Name = "ComponentLink2URL"; Value = "http://www.st.com/internet/com/TECHNICAL_RESOURCES/TECHNICAL_LITERATURE/DATASHEET/CD00185793.pdf"; VariantName = "[No Variations]"
Add component (AddParameter): Name = "DatasheetVersion"; Value = "1/07/2008"; VariantName = "[No Variations]"
Add component (AddParameter): Name = "PackageDescription"; Value = "8-Pin Dual Flat No-Lead, 3 x 3 x 1 mm Body, 0.5 mm Pitch, Exposed Pad"; VariantName = "[No Variations]"
Add component (AddParameter): Name = "PackageReference"; Value = "DFN8(3x3)-P050"; VariantName = "[No Variations]"
Add component (AddParameter): Name = "PackageVersion"; Value = "2008"; VariantName = "[No Variations]"
Added Component: Designator=U3(FP-DCK0006A-MFG)
Added Component: Designator=U4(FP-TSOT26-MFG)
Add component (AddParameter): Name = "Ambient Temperature Range High"; Value = "+85°C"; VariantName = "[No Variations]"
Add component (AddParameter): Name = "Ambient Temperature Range Low"; Value = "-40°C"; VariantName = "[No Variations]"
Add component (AddParameter): Name = "Automotive"; Value = "No"; VariantName = "[No Variations]"
Add component (AddParameter): Name = "Category"; Value = "IC"; VariantName = "[No Variations]"
Add component (AddParameter): Name = "ComponentLink2Description"; Value = "Datasheet"; VariantName = "[No Variations]"
Add component (AddParameter): Name = "ComponentLink2URL"; Value = "https://www.diodes.com/assets/Datasheets/AP63200-AP63201-AP63203-AP63205.pdf"; VariantName = "[No Variations]"
Add component (AddParameter): Name = "Device Class L1"; Value = "Integrated Circuits (ICs)"; VariantName = "[No Variations]"
Add component (AddParameter): Name = "Device Class L2"; Value = "Power Management ICs"; VariantName = "[No Variations]"
Add component (AddParameter): Name = "Device Class L3"; Value = "Voltage Regulators - Switching"; VariantName = "[No Variations]"
Add component (AddParameter): Name = "Digikey Description"; Value = "IC REG BUCK 3.3V 2A TSOT26"; VariantName = "[No Variations]"
Add component (AddParameter): Name = "Footprint Url"; Value = "https://www.diodes.com/assets/Package-Files/TSOT26.pdf"; VariantName = "[No Variations]"
Add component (AddParameter): Name = "Height"; Value = "1mm"; VariantName = "[No Variations]"
Add component (AddParameter): Name = "Lead Free"; Value = "Yes"; VariantName = "[No Variations]"
Add component (AddParameter): Name = "Manufacturer"; Value = "Diodes Inc."; VariantName = "[No Variations]"
Add component (AddParameter): Name = "Manufacturer Part Number"; Value = "AP63203WU-7"; VariantName = "[No Variations]"
Add component (AddParameter): Name = "Max Junction Temp"; Value = "+160°C"; VariantName = "[No Variations]"
Add component (AddParameter): Name = "Max Supply Voltage"; Value = "32V"; VariantName = "[No Variations]"
Add component (AddParameter): Name = "Min Supply Voltage"; Value = "3.8V"; VariantName = "[No Variations]"
Add component (AddParameter): Name = "Mouser Description"; Value = "AP63203 Series 3.3 V 2 A SMT Fixed Low IQ Synchronous Buck - TSOT-26"; VariantName = "[No Variations]"
Add component (AddParameter): Name = "Nominal Supply Current"; Value = "22uA"; VariantName = "[No Variations]"
Add component (AddParameter): Name = "Number Of Outputs"; Value = "1"; VariantName = "[No Variations]"
Add component (AddParameter): Name = "Octopart"; Value = "https://octopart.com/ap63203wu-7-diodes+inc.-98099550"; VariantName = "[No Variations]"
Add component (AddParameter): Name = "Output Current"; Value = "2A"; VariantName = "[No Variations]"
Add component (AddParameter): Name = "Output Type"; Value = "Fixed"; VariantName = "[No Variations]"
Add component (AddParameter): Name = "Output Voltage"; Value = "3.3V"; VariantName = "[No Variations]"
Add component (AddParameter): Name = "Package"; Value = "TSOT26"; VariantName = "[No Variations]"
Add component (AddParameter): Name = "RoHS"; Value = "TRUE"; VariantName = "[No Variations]"
Add component (AddParameter): Name = "Standoff Height"; Value = "0.01mm"; VariantName = "[No Variations]"
Add component (AddParameter): Name = "Switching Frequency"; Value = "1.1MHz"; VariantName = "[No Variations]"
Add component (AddParameter): Name = "Switching Topology"; Value = "Buck"; VariantName = "[No Variations]"
Add component (AddParameter): Name = "Temperature"; Value = "to +160°C"; VariantName = "[No Variations]"
Add component (AddParameter): Name = "Temperature Range High"; Value = "+160°C"; VariantName = "[No Variations]"
Added Pin To Net: NetName=B1Y Pin=IC3-8
Added Pin To Net: NetName=B1Y Pin=R35-1
Added Net: Name=B1Y
Added Pin To Net: NetName=B2 Pin=IC3-1
Added Pin To Net: NetName=B2 Pin=R36-1
Added Net: Name=B2
Added Pin To Net: NetName=BL_LED_K Pin=C13-1
Added Pin To Net: NetName=BL_LED_K Pin=J2-34
Added Pin To Net: NetName=BL_LED_K Pin=J2-35
Added Pin To Net: NetName=BL_LED_K Pin=J2-36
Added Pin To Net: NetName=BL_LED_K Pin=J2-37
Added Pin To Net: NetName=BL_LED_K Pin=U2-4
Added Net: Name=BL_LED_K
Added Pin To Net: NetName=BL_SENSE Pin=R17-1
Added Pin To Net: NetName=BL_SENSE Pin=U2-5
Added Net: Name=BL_SENSE
Added Pin To Net: NetName=BOOT_MODE Pin=IC1-27
Added Pin To Net: NetName=BOOT_MODE Pin=R8-2
Added Pin To Net: NetName=BOOT_MODE Pin=SW2-A1
Added Pin To Net: NetName=BOOT_MODE Pin=SW2-A2
Added Pin To Net: NetName=BOOT_MODE Pin=TP7-1
Added Net: Name=BOOT_MODE
Added Pin To Net: NetName=BTN_MULTI_WAKE Pin=IC1-25
Added Pin To Net: NetName=BTN_MULTI_WAKE Pin=J4-13
Added Pin To Net: NetName=BTN_MULTI_WAKE Pin=R28-2
Added Net: Name=BTN_MULTI_WAKE
Added Pin To Net: NetName=BUZZER_DRIVE Pin=LS1-1
Added Pin To Net: NetName=BUZZER_DRIVE Pin=R39-2
Added Pin To Net: NetName=BUZZER_DRIVE Pin=R40-1
Added Net: Name=BUZZER_DRIVE
Added Pin To Net: NetName=BUZZER_PWM Pin=IC1-36
Added Pin To Net: NetName=BUZZER_PWM Pin=R39-1
Added Net: Name=BUZZER_PWM
Added Pin To Net: NetName=DISP_TOUCH_RST Pin=IC1-8
Added Pin To Net: NetName=DISP_TOUCH_RST Pin=J1-6
Added Pin To Net: NetName=DISP_TOUCH_RST Pin=J2-30
Added Net: Name=DISP_TOUCH_RST
Added Pin To Net: NetName=EFUSE_FLT Pin=R1-1
Added Pin To Net: NetName=EFUSE_FLT Pin=TP4-1
Added Pin To Net: NetName=EFUSE_FLT Pin=U1-6
Added Net: Name=EFUSE_FLT
Added Pin To Net: NetName=GND Pin=C1-1
Added Pin To Net: NetName=GND Pin=C2-2
Added Pin To Net: NetName=GND Pin=C3-2
Added Pin To Net: NetName=GND Pin=C4-1
Added Pin To Net: NetName=GND Pin=C5-2
Added Pin To Net: NetName=GND Pin=C6-2
Added Pin To Net: NetName=GND Pin=C7-2
Added Pin To Net: NetName=GND Pin=C8-1
Added Pin To Net: NetName=GND Pin=C9-2
Added Pin To Net: NetName=GND Pin=C10-1
Added Pin To Net: NetName=GND Pin=C11-2
Added Pin To Net: NetName=GND Pin=C12-2
Added Pin To Net: NetName=GND Pin=C13-2
Added Pin To Net: NetName=GND Pin=C14-1
Added Pin To Net: NetName=GND Pin=C15-2
Added Pin To Net: NetName=GND Pin=C16-1
Added Pin To Net: NetName=GND Pin=C17-2
Added Pin To Net: NetName=GND Pin=C18-2
Added Pin To Net: NetName=GND Pin=C19-1
Added Pin To Net: NetName=GND Pin=C21-1
Added Pin To Net: NetName=GND Pin=C22-2
Added Pin To Net: NetName=GND Pin=C23-1
Added Pin To Net: NetName=GND Pin=C24-1
Added Pin To Net: NetName=GND Pin=C25-2
Added Pin To Net: NetName=GND Pin=C26-2
Added Pin To Net: NetName=GND Pin=C27-2
Added Pin To Net: NetName=GND Pin=C28-1
Added Pin To Net: NetName=GND Pin=C29-1
Added Pin To Net: NetName=GND Pin=IC1-1
Added Pin To Net: NetName=GND Pin=IC1-40
Added Pin To Net: NetName=GND Pin=IC1-41
Added Pin To Net: NetName=GND Pin=IC1-42
Added Pin To Net: NetName=GND Pin=IC1-43
Added Pin To Net: NetName=GND Pin=IC1-44
Added Pin To Net: NetName=GND Pin=IC1-45
Added Pin To Net: NetName=GND Pin=IC1-46
Added Pin To Net: NetName=GND Pin=IC1-47
Added Pin To Net: NetName=GND Pin=IC1-48
Added Pin To Net: NetName=GND Pin=IC1-49
Added Pin To Net: NetName=GND Pin=IC2-2
Added Pin To Net: NetName=GND Pin=IC3-2
Added Pin To Net: NetName=GND Pin=IMU1-5
Added Pin To Net: NetName=GND Pin=J1-2
Added Pin To Net: NetName=GND Pin=J2-1
Added Pin To Net: NetName=GND Pin=J2-39
Added Pin To Net: NetName=GND Pin=J3-A1-B12
Added Pin To Net: NetName=GND Pin=J3-B1-A12
Added Pin To Net: NetName=GND Pin=J4-4
Added Pin To Net: NetName=GND Pin=J4-5
Added Pin To Net: NetName=GND Pin=LS1-2
Added Pin To Net: NetName=GND Pin=P1-1
Added Pin To Net: NetName=GND Pin=R2-1
Added Pin To Net: NetName=GND Pin=R3-1
Added Pin To Net: NetName=GND Pin=R10-2
Added Pin To Net: NetName=GND Pin=R11-1
Added Pin To Net: NetName=GND Pin=R12-2
Added Pin To Net: NetName=GND Pin=R13-2
Added Pin To Net: NetName=GND Pin=R16-2
Added Pin To Net: NetName=GND Pin=R17-2
Added Pin To Net: NetName=GND Pin=R19-2
Added Pin To Net: NetName=GND Pin=R21-2
Added Pin To Net: NetName=GND Pin=R23-2
Added Pin To Net: NetName=GND Pin=R25-2
Added Pin To Net: NetName=GND Pin=R31-2
Added Pin To Net: NetName=GND Pin=R40-2
Added Pin To Net: NetName=GND Pin=SW1-B1
Added Pin To Net: NetName=GND Pin=SW1-B2
Added Pin To Net: NetName=GND Pin=SW2-B1
Added Pin To Net: NetName=GND Pin=SW2-B2
Added Pin To Net: NetName=GND Pin=TP9-1
Added Pin To Net: NetName=GND Pin=TP11-1
Added Pin To Net: NetName=GND Pin=TP14-1
Added Pin To Net: NetName=GND Pin=TP16-1
Added Pin To Net: NetName=GND Pin=U1-8
Added Pin To Net: NetName=GND Pin=U1-9
Added Pin To Net: NetName=GND Pin=U2-6
Added Pin To Net: NetName=GND Pin=U2-9
Added Pin To Net: NetName=GND Pin=U3-2
Added Pin To Net: NetName=GND Pin=U4-4
Added Net: Name=GND
Added Pin To Net: NetName=HMI_INT Pin=IC1-24
Added Pin To Net: NetName=HMI_INT Pin=J4-8
Added Pin To Net: NetName=HMI_INT Pin=R27-2
Added Net: Name=HMI_INT
Added Pin To Net: NetName=I2C_SCL Pin=IC1-10
Added Pin To Net: NetName=I2C_SCL Pin=J1-3
Added Pin To Net: NetName=I2C_SCL Pin=J4-6
Added Pin To Net: NetName=I2C_SCL Pin=R15-2
Added Net: Name=I2C_SCL
Added Pin To Net: NetName=I2C_SDA Pin=IC1-11
Added Pin To Net: NetName=I2C_SDA Pin=J1-4
Added Pin To Net: NetName=I2C_SDA Pin=J4-7
Added Pin To Net: NetName=I2C_SDA Pin=R20-2
Added Net: Name=I2C_SDA
Added Pin To Net: NetName=IO45 Pin=IC1-26
Added Pin To Net: NetName=IO45 Pin=R12-1
Added Net: Name=IO45
Added Pin To Net: NetName=IO46 Pin=IC1-16
Added Pin To Net: NetName=IO46 Pin=R19-1
Added Net: Name=IO46
Added Pin To Net: NetName=LCD_BL_PWM Pin=IC1-9
Added Pin To Net: NetName=LCD_BL_PWM Pin=R25-1
Added Pin To Net: NetName=LCD_BL_PWM Pin=U2-2
Added Net: Name=LCD_BL_PWM
Added Pin To Net: NetName=LCD_CS Pin=IC1-22
Added Pin To Net: NetName=LCD_CS Pin=J2-10
Added Net: Name=LCD_CS
Added Pin To Net: NetName=LCD_D0 Pin=IC1-4
Added Pin To Net: NetName=LCD_D0 Pin=J2-22
Added Net: Name=LCD_D0
Added Pin To Net: NetName=LCD_D1 Pin=IC1-5
Added Pin To Net: NetName=LCD_D1 Pin=J2-23
Added Net: Name=LCD_D1
Added Pin To Net: NetName=LCD_D2 Pin=IC1-6
Added Pin To Net: NetName=LCD_D2 Pin=J2-24
Added Net: Name=LCD_D2
Added Pin To Net: NetName=LCD_D3 Pin=IC1-7
Added Pin To Net: NetName=LCD_D3 Pin=J2-25
Added Net: Name=LCD_D3
Added Pin To Net: NetName=LCD_D4 Pin=IC1-12
Added Pin To Net: NetName=LCD_D4 Pin=J2-26
Added Net: Name=LCD_D4
Added Pin To Net: NetName=LCD_D5 Pin=IC1-17
Added Pin To Net: NetName=LCD_D5 Pin=J2-27
Added Net: Name=LCD_D5
Added Pin To Net: NetName=LCD_D6 Pin=IC1-18
Added Pin To Net: NetName=LCD_D6 Pin=J2-28
Added Net: Name=LCD_D6
Added Pin To Net: NetName=LCD_D7 Pin=IC1-19
Added Pin To Net: NetName=LCD_D7 Pin=J2-29
Added Net: Name=LCD_D7
Added Pin To Net: NetName=LCD_DC Pin=IC1-21
Added Pin To Net: NetName=LCD_DC Pin=J2-11
Added Net: Name=LCD_DC
Added Pin To Net: NetName=LCD_IM0 Pin=J2-31
Added Pin To Net: NetName=LCD_IM0 Pin=R7-2
Added Net: Name=LCD_IM0
Added Pin To Net: NetName=LCD_IM1 Pin=J2-32
Added Pin To Net: NetName=LCD_IM1 Pin=R21-1
Added Net: Name=LCD_IM1
Added Pin To Net: NetName=LCD_IM2 Pin=J2-33
Added Pin To Net: NetName=LCD_IM2 Pin=R23-1
Added Net: Name=LCD_IM2
Added Pin To Net: NetName=LCD_RDX Pin=J2-13
Added Pin To Net: NetName=LCD_RDX Pin=R5-2
Added Net: Name=LCD_RDX
Added Pin To Net: NetName=LCD_WR Pin=IC1-20
Added Pin To Net: NetName=LCD_WR Pin=J2-12
Added Net: Name=LCD_WR
Added Pin To Net: NetName=LED_BLANK Pin=IC1-35
Added Pin To Net: NetName=LED_BLANK Pin=R37-2
Added Net: Name=LED_BLANK
Added Pin To Net: NetName=LED_BLANK_HMI Pin=J4-12
Added Pin To Net: NetName=LED_BLANK_HMI Pin=R37-1
Added Net: Name=LED_BLANK_HMI
Added Pin To Net: NetName=LED_LAT Pin=IC1-34
Added Pin To Net: NetName=LED_LAT Pin=R34-2
Added Net: Name=LED_LAT
Added Pin To Net: NetName=LED_LAT_HMI Pin=J4-11
Added Pin To Net: NetName=LED_LAT_HMI Pin=R34-1
Added Net: Name=LED_LAT_HMI
Added Pin To Net: NetName=LED_SCLK Pin=IC1-33
Added Pin To Net: NetName=LED_SCLK Pin=R33-2
Added Net: Name=LED_SCLK
Added Pin To Net: NetName=LED_SCLK_HMI Pin=J4-10
Added Pin To Net: NetName=LED_SCLK_HMI Pin=R33-1
Added Net: Name=LED_SCLK_HMI
Added Pin To Net: NetName=LED_SIN Pin=IC1-32
Added Pin To Net: NetName=LED_SIN Pin=R32-2
Added Net: Name=LED_SIN
Added Pin To Net: NetName=LED_SIN_HMI Pin=J4-9
Added Pin To Net: NetName=LED_SIN_HMI Pin=R32-1
Added Net: Name=LED_SIN_HMI
Added Pin To Net: NetName=MCU_EN Pin=C15-1
Added Pin To Net: NetName=MCU_EN Pin=IC1-3
Added Pin To Net: NetName=MCU_EN Pin=R6-2
Added Pin To Net: NetName=MCU_EN Pin=SW1-A1
Added Pin To Net: NetName=MCU_EN Pin=SW1-A2
Added Pin To Net: NetName=MCU_EN Pin=TP12-1
Added Net: Name=MCU_EN
Added Pin To Net: NetName=MCU_SCAN_RX Pin=IC1-38
Added Pin To Net: NetName=MCU_SCAN_RX Pin=IC3-4
Added Pin To Net: NetName=MCU_SCAN_RX Pin=TP15-1
Added Net: Name=MCU_SCAN_RX
Added Pin To Net: NetName=MCU_SCAN_TX Pin=IC1-39
Added Pin To Net: NetName=MCU_SCAN_TX Pin=IC3-5
Added Pin To Net: NetName=MCU_SCAN_TX Pin=TP17-1
Added Net: Name=MCU_SCAN_TX
Added Pin To Net: NetName=NetC3_1 Pin=C3-1
Added Pin To Net: NetName=NetC3_1 Pin=U1-1
Added Net: Name=NetC3_1
Added Pin To Net: NetName=NetC20_1 Pin=C20-1
Added Pin To Net: NetName=NetC20_1 Pin=L1-1
Added Pin To Net: NetName=NetC20_1 Pin=U4-5
Added Net: Name=NetC20_1
Added Pin To Net: NetName=NetC20_2 Pin=C20-2
Added Pin To Net: NetName=NetC20_2 Pin=U4-6
Added Net: Name=NetC20_2
Added Pin To Net: NetName=NetR3_2 Pin=R3-2
Added Pin To Net: NetName=NetR3_2 Pin=U1-7
Added Net: Name=NetR3_2
Added Pin To Net: NetName=NetR29_1 Pin=R29-1
Added Pin To Net: NetName=NetR29_1 Pin=U4-2
Added Net: Name=NetR29_1
Added Pin To Net: NetName=OE Pin=IC3-6
Added Pin To Net: NetName=OE Pin=R38-2
Added Net: Name=OE
Added Pin To Net: NetName=PWR_LED Pin=IMU1-4
Added Pin To Net: NetName=PWR_LED Pin=R26-2
Added Net: Name=PWR_LED
Added Pin To Net: NetName=PWR_SW_NC Pin=IMU1-3
Added Net: Name=PWR_SW_NC
Added Pin To Net: NetName=SCAN_RX_TO_MODULE Pin=P1-2
Added Pin To Net: NetName=SCAN_RX_TO_MODULE Pin=R35-2
Added Net: Name=SCAN_RX_TO_MODULE
Added Pin To Net: NetName=SCAN_TX_FROM_MODULE Pin=P1-3
Added Pin To Net: NetName=SCAN_TX_FROM_MODULE Pin=R36-2
Added Net: Name=SCAN_TX_FROM_MODULE
Added Pin To Net: NetName=SCANNER_5V Pin=C18-1
Added Pin To Net: NetName=SCANNER_5V Pin=C19-2
Added Pin To Net: NetName=SCANNER_5V Pin=C28-2
Added Pin To Net: NetName=SCANNER_5V Pin=IC3-7
Added Pin To Net: NetName=SCANNER_5V Pin=P1-4
Added Pin To Net: NetName=SCANNER_5V Pin=TP6-1
Added Pin To Net: NetName=SCANNER_5V Pin=U3-5
Added Pin To Net: NetName=SCANNER_5V Pin=U3-6
Added Net: Name=SCANNER_5V
Added Pin To Net: NetName=SCANNER_PWR_EN Pin=IC1-31
Added Pin To Net: NetName=SCANNER_PWR_EN Pin=R31-1
Added Pin To Net: NetName=SCANNER_PWR_EN Pin=U3-3
Added Net: Name=SCANNER_PWR_EN
Added Pin To Net: NetName=STC_DISC Pin=R22-2
Added Pin To Net: NetName=STC_DISC Pin=TP13-1
Added Pin To Net: NetName=STC_DISC Pin=U2-8
Added Net: Name=STC_DISC
Added Pin To Net: NetName=STC_EN Pin=R4-2
Added Pin To Net: NetName=STC_EN Pin=U2-3
Added Net: Name=STC_EN
Added Pin To Net: NetName=STC_SLOPE Pin=C11-1
Added Pin To Net: NetName=STC_SLOPE Pin=U2-7
Added Net: Name=STC_SLOPE
Added Pin To Net: NetName=SYS_3V3 Pin=C1-2
Added Pin To Net: NetName=SYS_3V3 Pin=C2-1
Added Pin To Net: NetName=SYS_3V3 Pin=C10-2
Added Pin To Net: NetName=SYS_3V3 Pin=C12-1
Added Pin To Net: NetName=SYS_3V3 Pin=C16-2
Added Pin To Net: NetName=SYS_3V3 Pin=C17-1
Added Pin To Net: NetName=SYS_3V3 Pin=C22-1
Added Pin To Net: NetName=SYS_3V3 Pin=C27-1
Added Pin To Net: NetName=SYS_3V3 Pin=C29-2
Added Pin To Net: NetName=SYS_3V3 Pin=IC1-2
Added Pin To Net: NetName=SYS_3V3 Pin=IC3-3
Added Pin To Net: NetName=SYS_3V3 Pin=J1-1
Added Pin To Net: NetName=SYS_3V3 Pin=J2-7
Added Pin To Net: NetName=SYS_3V3 Pin=J2-8
Added Pin To Net: NetName=SYS_3V3 Pin=J4-3
Added Pin To Net: NetName=SYS_3V3 Pin=L1-2
Added Pin To Net: NetName=SYS_3V3 Pin=R1-2
Added Pin To Net: NetName=SYS_3V3 Pin=R5-1
Added Pin To Net: NetName=SYS_3V3 Pin=R6-1
Added Pin To Net: NetName=SYS_3V3 Pin=R7-1
Added Pin To Net: NetName=SYS_3V3 Pin=R8-1
Added Pin To Net: NetName=SYS_3V3 Pin=R9-1
Added Pin To Net: NetName=SYS_3V3 Pin=R15-1
Added Pin To Net: NetName=SYS_3V3 Pin=R20-1
Added Pin To Net: NetName=SYS_3V3 Pin=R22-1
Added Pin To Net: NetName=SYS_3V3 Pin=R27-1
Added Pin To Net: NetName=SYS_3V3 Pin=R28-1
Added Pin To Net: NetName=SYS_3V3 Pin=R38-1
Added Pin To Net: NetName=SYS_3V3 Pin=TP5-1
Added Pin To Net: NetName=SYS_3V3 Pin=U4-1
Added Net: Name=SYS_3V3
Added Pin To Net: NetName=SYS_5V Pin=C5-1
Added Pin To Net: NetName=SYS_5V Pin=C7-1
Added Pin To Net: NetName=SYS_5V Pin=C8-2
Added Pin To Net: NetName=SYS_5V Pin=C9-1
Added Pin To Net: NetName=SYS_5V Pin=C23-2
Added Pin To Net: NetName=SYS_5V Pin=C24-2
Added Pin To Net: NetName=SYS_5V Pin=C26-1
Added Pin To Net: NetName=SYS_5V Pin=J2-38
Added Pin To Net: NetName=SYS_5V Pin=R4-1
Added Pin To Net: NetName=SYS_5V Pin=R26-1
Added Pin To Net: NetName=SYS_5V Pin=R29-2
Added Pin To Net: NetName=SYS_5V Pin=R30-1
Added Pin To Net: NetName=SYS_5V Pin=TP2-1
Added Pin To Net: NetName=SYS_5V Pin=U1-5
Added Pin To Net: NetName=SYS_5V Pin=U2-1
Added Pin To Net: NetName=SYS_5V Pin=U3-1
Added Pin To Net: NetName=SYS_5V Pin=U4-3
Added Net: Name=SYS_5V
Added Pin To Net: NetName=SYS_EN Pin=R2-2
Added Pin To Net: NetName=SYS_EN Pin=R24-2
Added Pin To Net: NetName=SYS_EN Pin=TP3-1
Added Pin To Net: NetName=SYS_EN Pin=U1-2
Added Net: Name=SYS_EN
Added Pin To Net: NetName=SYS_EN_SW Pin=IMU1-1
Added Pin To Net: NetName=SYS_EN_SW Pin=R24-1
Added Net: Name=SYS_EN_SW
Added Pin To Net: NetName=TOUCH_INT Pin=IC1-23
Added Pin To Net: NetName=TOUCH_INT Pin=J1-5
Added Pin To Net: NetName=TOUCH_INT Pin=R9-2
Added Net: Name=TOUCH_INT
Added Pin To Net: NetName=USB_CC1 Pin=J3-A5
Added Pin To Net: NetName=USB_CC1 Pin=R10-1
Added Net: Name=USB_CC1
Added Pin To Net: NetName=USB_CC2 Pin=J3-B5
Added Pin To Net: NetName=USB_CC2 Pin=R13-1
Added Net: Name=USB_CC2
Added Pin To Net: NetName=USB_D_N Pin=IC2-3
Added Pin To Net: NetName=USB_D_N Pin=IC2-4
Added Pin To Net: NetName=USB_D_N Pin=J3-A7
Added Pin To Net: NetName=USB_D_N Pin=J3-B7
Added Pin To Net: NetName=USB_D_N Pin=R14-1
Added Pin To Net: NetName=USB_D_N Pin=TP8-1
Added Net: Name=USB_D_N
Added Pin To Net: NetName=USB_D_N_MCU Pin=IC1-13
Added Pin To Net: NetName=USB_D_N_MCU Pin=R14-2
Added Net: Name=USB_D_N_MCU
Added Pin To Net: NetName=USB_D_P Pin=IC2-1
Added Pin To Net: NetName=USB_D_P Pin=IC2-6
Added Pin To Net: NetName=USB_D_P Pin=J3-A6
Added Pin To Net: NetName=USB_D_P Pin=J3-B6
Added Pin To Net: NetName=USB_D_P Pin=R18-1
Added Pin To Net: NetName=USB_D_P Pin=TP10-1
Added Net: Name=USB_D_P
Added Pin To Net: NetName=USB_D_P_MCU Pin=IC1-14
Added Pin To Net: NetName=USB_D_P_MCU Pin=R18-2
Added Net: Name=USB_D_P_MCU
Added Pin To Net: NetName=USB_SHIELD Pin=C14-2
Added Pin To Net: NetName=USB_SHIELD Pin=J3-1
Added Pin To Net: NetName=USB_SHIELD Pin=J3-2
Added Pin To Net: NetName=USB_SHIELD Pin=J3-3
Added Pin To Net: NetName=USB_SHIELD Pin=J3-4
Added Pin To Net: NetName=USB_SHIELD Pin=R11-2
Added Pin To Net: NetName=USB_SHIELD Pin=R16-1
Added Net: Name=USB_SHIELD
Added Pin To Net: NetName=USB_VBUS Pin=C4-2
Added Pin To Net: NetName=USB_VBUS Pin=C6-1
Added Pin To Net: NetName=USB_VBUS Pin=IC2-5
Added Pin To Net: NetName=USB_VBUS Pin=IMU1-2
Added Pin To Net: NetName=USB_VBUS Pin=J3-A4-B9
Added Pin To Net: NetName=USB_VBUS Pin=J3-B4-A9
Added Pin To Net: NetName=USB_VBUS Pin=TP1-1
Added Pin To Net: NetName=USB_VBUS Pin=U1-3
Added Pin To Net: NetName=USB_VBUS Pin=U1-4
Added Net: Name=USB_VBUS
Added Pin To Net: NetName=VLED_5V Pin=C21-2
Added Pin To Net: NetName=VLED_5V Pin=C25-1
Added Pin To Net: NetName=VLED_5V Pin=J4-1
Added Pin To Net: NetName=VLED_5V Pin=J4-2
Added Pin To Net: NetName=VLED_5V Pin=R30-2
Added Net: Name=VLED_5V
Added Class: Name=Main_Schematic
Added Differential Pair: Name=USB_D
Added Rule: Name=Schematic Supply Nets
Added Rule: Name=Schematic Supply Nets_1
